master_id,canonical_id,entry_title,category,content_type,ai_use_scope,practice_candidate,teacher_candidate,safety_sensitive,source_occurrence_count,source_statuses,editorial_status,review_reason,db_ready,publish_recommendation
YK-0001,YKC-0021,アタルヴァ・ヴェーダ（atharvaveda 医学を扱う）,philosophy,concept,guru_future,False,False,False,1,checked,candidate_ready,,True,eligible_after_content_import
YK-0002,YKC-0028,アーサナ,asana,concept,ai_teacher_explanation,False,False,False,4,"checked, review_required",review_needed,merged_from_multiple_source_occurrences; category_conflict; contains_review_required_source; practice_candidate_requires_safety_editorial_review,False,unpublished
YK-0003,YKC-0008,アーサナ（āsana）：体の姿勢（ポーズ）,philosophy,concept,guru_future,False,False,False,1,checked,candidate_ready,,True,eligible_after_content_import
YK-0004,YKC-0038,アートマ・ニヴェーダナム（ātma nivedanam 自己の奉納）,philosophy,concept,guru_future,False,False,False,1,checked,candidate_ready,,True,eligible_after_content_import
YK-0005,YKC-0053,アーナンダマヤ・コーシャ（ānandamaya kośa）、至福からなる体,philosophy,concept,guru_future,False,False,False,1,checked,candidate_ready,,True,eligible_after_content_import
YK-0006,YKC-0024,ウパニシャッドの教え,philosophy,concept,guru_future,False,False,False,1,checked,candidate_ready,,True,eligible_after_content_import
YK-0007,YKC-0025,ウパニシャッドの神,philosophy,concept,guru_future,False,False,False,1,checked,candidate_ready,,True,eligible_after_content_import
YK-0008,YKC-0039,カルマ,philosophy,concept,guru_future,False,False,False,2,checked,candidate_ready,merged_from_multiple_source_occurrences,True,eligible_after_content_import
YK-0009,YKC-0040,カルマ・シッダーンタ、カルマの教義,philosophy,concept,guru_future,False,False,False,1,checked,candidate_ready,,True,eligible_after_content_import
YK-0010,YKC-0041,カルマ・ヨガ,philosophy,concept,guru_future,False,False,False,2,checked,candidate_ready,merged_from_multiple_source_occurrences,True,eligible_after_content_import
YK-0011,YKC-0029,サマディ,philosophy,concept,guru_future,False,False,False,3,checked,candidate_ready,merged_from_multiple_source_occurrences,True,eligible_after_content_import
YK-0012,YKC-0054,シャッド・チャクラ,philosophy,concept,guru_future,False,False,False,1,checked,candidate_ready,,True,eligible_after_content_import
YK-0013,YKC-0030,シャド・ダルシャナ,philosophy,concept,guru_future,False,False,False,1,checked,candidate_ready,,True,eligible_after_content_import
YK-0014,YKC-0022,シルパ・ヴェーダ（śilpaveda、美術や建築）,philosophy,concept,guru_future,False,False,False,1,checked,candidate_ready,,True,eligible_after_content_import
YK-0015,YKC-0042,ジュニャーナ・ヨガ,philosophy,concept,guru_future,False,False,False,2,checked,candidate_ready,merged_from_multiple_source_occurrences,True,eligible_after_content_import
YK-0016,YKC-0043,ジュニャーナ・ヨガの実践の諸段階,philosophy,concept,guru_future,False,False,False,1,checked,candidate_ready,,True,eligible_after_content_import
YK-0017,YKC-0055,チャクラの位置,philosophy,concept,guru_future,False,False,False,1,checked,candidate_ready,,True,eligible_after_content_import
YK-0018,YKC-0031,ディヤーナ,philosophy,concept,guru_future,False,False,False,3,checked,candidate_ready,merged_from_multiple_source_occurrences,True,eligible_after_content_import
YK-0019,YKC-0044,ナヴァヴィダ・バクティ,philosophy,concept,guru_future,False,False,False,1,checked,candidate_ready,,True,eligible_after_content_import
YK-0020,YKC-0032,ニヤマ,philosophy,concept,guru_future,False,False,False,3,checked,candidate_ready,merged_from_multiple_source_occurrences,True,eligible_after_content_import
YK-0021,YKC-0045,ハタ・ヨガ,philosophy,concept,guru_future,False,False,False,1,checked,candidate_ready,,True,eligible_after_content_import
YK-0022,YKC-0046,バクティ・ヨガ,philosophy,concept,guru_future,False,False,False,2,checked,candidate_ready,merged_from_multiple_source_occurrences,True,eligible_after_content_import
YK-0023,YKC-0026,パンチャ・コーシャ,philosophy,concept,guru_future,False,False,True,4,checked,review_needed,merged_from_multiple_source_occurrences; category_conflict,False,unpublished
YK-0024,YKC-0056,パンチャ・ブータ*8,philosophy,concept,guru_future,False,False,False,1,checked,candidate_ready,,True,eligible_after_content_import
YK-0025,YKC-0057,パンチャ・プラーナ,philosophy,concept,guru_future,False,False,False,1,checked,candidate_ready,,True,eligible_after_content_import
YK-0026,YKC-0033,プラクリティは、サットヴァ・グナ（sattva guṇa）、ラジョーグナまたは,philosophy,concept,guru_future,False,False,False,1,checked,candidate_ready,,True,eligible_after_content_import
YK-0027,YKC-0027,プラーナ*3,philosophy,concept,guru_future,False,False,False,1,checked,candidate_ready,,True,eligible_after_content_import
YK-0028,YKC-0059,プラーナマヤ・コーシャ（prāṇamaya kośa）、エネルギーの体,philosophy,concept,guru_future,False,False,False,1,checked,candidate_ready,,True,eligible_after_content_import
YK-0029,YKC-0034,プラーナーヤーマ,pranayama,concept,ai_teacher_explanation,False,False,True,2,checked,candidate_ready,,True,eligible_after_content_import
YK-0030,YKC-0009,プラーナーヤーマ（prāṇāyāma）：呼吸の制御による生命力の制御,philosophy,concept,guru_future,False,False,False,1,checked,candidate_ready,,True,eligible_after_content_import
YK-0031,YKC-0058,プラーナ（prāṇa）,philosophy,concept,guru_future,False,False,False,1,checked,candidate_ready,,True,eligible_after_content_import
YK-0032,YKC-0060,マノーマヤ・コーシャ（manomaya kośa）、心からなる体,philosophy,concept,guru_future,False,False,False,1,checked,candidate_ready,,True,eligible_after_content_import
YK-0033,YKC-0047,マントラ・ジャパ バクティ・ヨガにおけるマントラの詠唱*6,philosophy,concept,guru_future,False,False,False,1,checked,candidate_ready,,True,eligible_after_content_import
YK-0034,YKC-0048,マントラ・ヨガ,philosophy,concept,guru_future,False,False,False,1,checked,candidate_ready,,True,eligible_after_content_import
YK-0035,YKC-0035,ヤマ,philosophy,concept,guru_future,False,False,False,3,checked,candidate_ready,,True,eligible_after_content_import
YK-0036,YKC-0010,ヤマ（yama）：社会的な禁止事項/遵守事項や倫理的価値,philosophy,concept,guru_future,False,False,False,1,checked,candidate_ready,,True,eligible_after_content_import
YK-0037,YKC-0036,ヨガ 開祖はマハリシ・パタンジャリ,philosophy,concept,guru_future,False,False,False,1,checked,candidate_ready,,True,eligible_after_content_import
YK-0038,YKC-0019,ヨガについての誤解,philosophy,concept,guru_future,False,False,False,1,checked,candidate_ready,,True,eligible_after_content_import
YK-0039,YKC-0061,ヨガの原則とヨガの実践,philosophy,concept,guru_future,False,False,False,1,checked,candidate_ready,,True,eligible_after_content_import
YK-0040,YKC-0001,ヨガの定義,philosophy,definition,guru_future,False,False,False,3,checked,candidate_ready,merged_from_multiple_source_occurrences,True,eligible_after_content_import
YK-0041,YKC-0002,ヨガの実践のためのガイドライン,philosophy,concept,guru_future,False,False,False,1,checked,candidate_ready,,True,eligible_after_content_import
YK-0042,YKC-0003,ヨガの実践のガイドライン10,philosophy,concept,guru_future,False,False,False,1,checked,candidate_ready,,True,eligible_after_content_import
YK-0043,YKC-0049,ヨガの様々な道,philosophy,concept,guru_future,False,False,False,2,checked,candidate_ready,merged_from_multiple_source_occurrences,True,eligible_after_content_import
YK-0044,YKC-0011,ヨガの歴史,yoga_history,concept,reference_only,False,False,False,1,checked,candidate_ready,,True,eligible_after_content_import
YK-0045,YKC-0012,ヨガの歴史と発展,yoga_history,concept,reference_only,False,False,False,1,checked,candidate_ready,,True,eligible_after_content_import
YK-0046,YKC-0013,ヨガの発展,yoga_history,concept,reference_only,False,False,False,1,checked,candidate_ready,,True,eligible_after_content_import
YK-0047,YKC-0020,ヨガの目的と誤解,philosophy,concept,guru_future,False,False,False,2,checked,candidate_ready,merged_from_multiple_source_occurrences,True,eligible_after_content_import
YK-0048,YKC-0004,ヨガの語源,philosophy,concept,guru_future,False,False,False,1,checked,candidate_ready,,True,eligible_after_content_import
YK-0049,YKC-0014,ヨガの起源,yoga_history,concept,reference_only,False,False,False,1,checked,candidate_ready,,True,eligible_after_content_import
YK-0050,YKC-0005,ヨガを行う前,philosophy,concept,guru_future,False,False,False,1,checked,candidate_ready,,True,eligible_after_content_import
YK-0051,YKC-0006,ヨガを行った後,philosophy,concept,guru_future,False,False,False,1,checked,candidate_ready,,True,eligible_after_content_import
YK-0052,YKC-0007,ヨガを行っている間,philosophy,concept,guru_future,False,False,False,1,checked,candidate_ready,,True,eligible_after_content_import
YK-0053,YKC-0050,ラージャ・ヨガ,philosophy,concept,guru_future,False,False,False,1,checked,candidate_ready,,True,eligible_after_content_import
YK-0054,YKC-0023,ヴェーダの教え,philosophy,concept,guru_future,False,False,False,1,checked,candidate_ready,,True,eligible_after_content_import
YK-0055,YKC-0015,ヴェーダの時代,philosophy,concept,guru_future,False,False,False,1,checked,candidate_ready,,True,eligible_after_content_import
YK-0056,YKC-0051,ヴェーダーンタの学生すなわち「実在」の探求者の資格,philosophy,concept,guru_future,False,False,False,1,checked,candidate_ready,,True,eligible_after_content_import
YK-0057,YKC-0037,ヴェーダーンタまたはウッタラ・ミーマーンサー,philosophy,concept,guru_future,False,False,False,1,checked,candidate_ready,,True,eligible_after_content_import
YK-0058,YKC-0062,主なチャクラ,philosophy,concept,guru_future,False,False,False,1,checked,candidate_ready,,True,eligible_after_content_import
YK-0059,YKC-0016,古典時代のヨガ,philosophy,concept,guru_future,False,False,False,1,checked,candidate_ready,,True,eligible_after_content_import
YK-0060,YKC-0017,古典時代以前のヨガ,philosophy,concept,guru_future,False,False,False,1,checked,candidate_ready,,True,eligible_after_content_import
YK-0061,YKC-0018,古典時代以後のヨガ,philosophy,concept,guru_future,False,False,False,1,checked,candidate_ready,,True,eligible_after_content_import
YK-0062,YKC-0052,有徳で縁起のよいシュクラ・カルマ（śukra karma 白いカルマ）,philosophy,concept,guru_future,False,False,False,1,checked,candidate_ready,,True,eligible_after_content_import
YK-0063,YKC-0063,著名なグルやヨギーたちの教え,philosophy,concept,guru_future,False,False,False,1,checked,candidate_ready,,True,eligible_after_content_import
YK-0064,YKC-0066,『ハタ・ヨガ・プラディーピカー』のアーサナ、その目的と効用,asana,concept,reference_only,False,False,False,1,checked,candidate_ready,,True,eligible_after_content_import
YK-0065,YKC-0069,『ハタ・ヨガ・プラディーピカー』のバンダ、ムドラー、ナーダーヌサンダーナ,philosophy,concept,guru_future,False,False,False,1,checked,candidate_ready,,True,eligible_after_content_import
YK-0066,YKC-0068,『ハタ・ヨガ・プラディーピカー』のプラーナーヤーマ,pranayama,concept,reference_only,False,False,False,1,checked,candidate_ready,,True,eligible_after_content_import
YK-0067,YKC-0072,『バガヴァッド・ギーター』,philosophy,concept,guru_future,False,False,False,1,checked,candidate_ready,,True,eligible_after_content_import
YK-0068,YKC-0073,『バガヴァッド・ギーター』によるヨガの三つの流れ,philosophy,concept,guru_future,False,False,False,1,checked,candidate_ready,,True,eligible_after_content_import
YK-0069,YKC-0102,アナーハタ・チャクラ（心臓のチャクラ）,philosophy,concept,guru_future,False,False,False,1,checked,candidate_ready,,True,eligible_after_content_import
YK-0070,YKC-0080,アーサナと運動の違い,asana,concept,reference_only,False,False,False,1,checked,candidate_ready,,True,eligible_after_content_import
YK-0071,YKC-0103,アージニャー・チャクラ（眉間のチャクラ）,philosophy,concept,guru_future,False,False,False,1,checked,candidate_ready,,True,eligible_after_content_import
YK-0072,YKC-0111,ガタとガタ・シュッディの概念,philosophy,concept,guru_future,False,False,False,1,checked,candidate_ready,,True,eligible_after_content_import
YK-0073,YKC-0083,サットヴァ・グナ,philosophy,concept,guru_future,False,False,False,2,checked,candidate_ready,,True,eligible_after_content_import
YK-0074,YKC-0104,サハスラーラ・チャクラ（頭頂のチャクラ）,philosophy,concept,guru_future,False,False,False,1,checked,candidate_ready,,True,eligible_after_content_import
YK-0075,YKC-0098,サーダナにおける失敗の原因（ヨガ・ダルシャナによる）9,philosophy,concept,guru_future,False,False,False,1,checked,candidate_ready,,True,eligible_after_content_import
YK-0076,YKC-0075,シャット・カルマ,philosophy,concept,guru_future,False,False,False,2,checked,candidate_ready,merged_from_multiple_source_occurrences,True,eligible_after_content_import
YK-0077,YKC-0112,シャット・カルマの一般的な恩恵,philosophy,concept,guru_future,False,False,False,1,checked,candidate_ready,,True,eligible_after_content_import
YK-0078,YKC-0113,シャット・クリヤー,pranayama,concept,reference_only,False,False,True,4,checked,candidate_ready,,True,eligible_after_content_import
YK-0079,YKC-0105,スヴァーディシュターナ・チャクラ（仙骨のチャクラ）,philosophy,concept,guru_future,False,False,False,1,checked,candidate_ready,,True,eligible_after_content_import
YK-0080,YKC-0099,タットヴァ・ジュニャーナ（tattvajñāna 識別的知識）,philosophy,concept,guru_future,False,False,False,1,checked,candidate_ready,,True,eligible_after_content_import
YK-0081,YKC-0084,タマス・グナ,philosophy,concept,guru_future,False,False,False,2,checked,candidate_ready,,True,eligible_after_content_import
YK-0082,YKC-0106,チャクラの概念,philosophy,concept,guru_future,False,False,False,1,checked,candidate_ready,,True,eligible_after_content_import
YK-0083,YKC-0085,トリグナ,philosophy,concept,guru_future,False,False,False,2,checked,candidate_ready,,True,eligible_after_content_import
YK-0084,YKC-0086,ニヤマグラハ（niyamagraha）,philosophy,concept,guru_future,False,False,False,2,checked,candidate_ready,merged_from_multiple_source_occurrences,True,eligible_after_content_import
YK-0085,YKC-0082,ハタラトナヴァリー,philosophy,concept,guru_future,False,False,False,1,checked,candidate_ready,,True,eligible_after_content_import
YK-0086,YKC-0100,ハタ・ヨガ、その成功と失敗,philosophy,concept,guru_future,False,False,False,1,checked,candidate_ready,,True,eligible_after_content_import
YK-0087,YKC-0076,ハタ・ヨガのシステム3,philosophy,concept,guru_future,False,False,False,1,checked,candidate_ready,,True,eligible_after_content_import
YK-0088,YKC-0081,ハタ・ヨガの教典の紹介,philosophy,concept,guru_future,False,False,False,1,checked,candidate_ready,,True,eligible_after_content_import
YK-0089,YKC-0077,ハタ・ヨガの理論1,philosophy,concept,guru_future,False,False,False,1,checked,candidate_ready,,True,eligible_after_content_import
YK-0090,YKC-0064,ハタ・ヨガの科学,philosophy,concept,guru_future,False,False,False,1,checked,candidate_ready,,True,eligible_after_content_import
YK-0091,YKC-0065,ハタ・ヨガの紹介,philosophy,concept,guru_future,False,False,False,1,checked,candidate_ready,,True,eligible_after_content_import
YK-0092,YKC-0078,ハタ・ヨガ・パランパラーの紹介,philosophy,concept,guru_future,False,False,False,2,checked,candidate_ready,merged_from_multiple_source_occurrences,True,eligible_after_content_import
YK-0093,YKC-0074,バクティ,philosophy,concept,guru_future,False,False,False,1,checked,candidate_ready,,True,eligible_after_content_import
YK-0094,YKC-0107,ビンドゥ・チャクラ（ララーナ・チャクラ、マナス・チャクラ）10,philosophy,concept,guru_future,False,False,False,1,checked,candidate_ready,,True,eligible_after_content_import
YK-0095,YKC-0087,マディヤマ・アディカーリン（madhyama adhikārin）,philosophy,concept,guru_future,False,False,False,1,checked,candidate_ready,,True,eligible_after_content_import
YK-0096,YKC-0108,マニプーラ・チャクラ（太陽神経叢）,philosophy,concept,guru_future,False,False,False,1,checked,candidate_ready,,True,eligible_after_content_import
YK-0097,YKC-0079,ムドラー,philosophy,concept,guru_future,False,False,False,1,checked,candidate_ready,,True,eligible_after_content_import
YK-0098,YKC-0070,ムドラーとバンダ14,philosophy,concept,guru_future,False,False,False,1,checked,candidate_ready,,True,eligible_after_content_import
YK-0099,YKC-0109,ムーラーダーラ・チャクラ（根底のチャクラ）,philosophy,concept,guru_future,False,False,False,1,checked,candidate_ready,,True,eligible_after_content_import
YK-0100,YKC-0067,ヨガによる体の変化,philosophy,concept,guru_future,False,False,False,1,checked,candidate_ready,,True,eligible_after_content_import
YK-0101,YKC-0088,ヨガの進歩を促す六つの要因,philosophy,concept,guru_future,False,False,False,1,checked,candidate_ready,,True,eligible_after_content_import
YK-0102,YKC-0089,ヨガの進歩を妨げる六つの要因,philosophy,concept,guru_future,False,False,False,1,checked,candidate_ready,,True,eligible_after_content_import
YK-0103,YKC-0101,ヨガの道の成功の要因（サーダカ・タットヴァsādhaka tattva）,philosophy,concept,guru_future,False,False,False,1,checked,candidate_ready,,True,eligible_after_content_import
YK-0104,YKC-0090,ヨガの食事,philosophy,concept,guru_future,False,False,False,1,checked,candidate_ready,,True,eligible_after_content_import
YK-0105,YKC-0091,ヨガ修行者のタイプ,philosophy,concept,guru_future,False,False,False,1,checked,candidate_ready,,True,eligible_after_content_import
YK-0106,YKC-0092,ヨガ的な食事と三つのグナ,philosophy,concept,guru_future,False,False,False,1,checked,candidate_ready,,True,eligible_after_content_import
YK-0107,YKC-0093,ヨガ的な食事の概念,philosophy,concept,guru_future,False,False,False,1,checked,candidate_ready,,True,eligible_after_content_import
YK-0108,YKC-0094,ラジャス・グナ,philosophy,concept,guru_future,False,False,False,2,checked,candidate_ready,,True,eligible_after_content_import
YK-0109,YKC-0110,ヴィシュッダ・チャクラ（喉のチャクラ）,philosophy,concept,guru_future,False,False,False,1,checked,candidate_ready,,True,eligible_after_content_import
YK-0110,YKC-0071,瞑想,philosophy,concept,guru_future,False,False,False,1,checked,candidate_ready,,True,eligible_after_content_import
YK-0111,YKC-0095,菜食のための精神的・心理的な理由,philosophy,concept,guru_future,False,False,False,1,checked,candidate_ready,,True,eligible_after_content_import
YK-0112,YKC-0096,食事に適切な時間,philosophy,concept,guru_future,False,False,False,1,checked,candidate_ready,,True,eligible_after_content_import
YK-0113,YKC-0097,食事の見栄え,philosophy,concept,guru_future,False,False,False,1,checked,candidate_ready,,True,eligible_after_content_import
YK-0114,YKC-0124,アシュタンガ・ヨガ、その目的と意義と効果,philosophy,concept,guru_future,False,False,False,1,checked,candidate_ready,,True,eligible_after_content_import
YK-0115,YKC-0125,アステーヤ（asteya 不盗）：物質的なものだけでなく非物質的なものも盗まないこと,philosophy,concept,guru_future,False,False,False,1,checked,candidate_ready,,True,eligible_after_content_import
YK-0116,YKC-0126,アパリグラハ（aparigraha 不貪）：ものを所有したり蓄えたりしないこと,philosophy,concept,guru_future,False,False,False,1,checked,candidate_ready,,True,eligible_after_content_import
YK-0117,YKC-0118,イーシュヴァラとイーシュヴァラ・プラニダーナの概念,philosophy,concept,guru_future,False,False,False,1,checked,candidate_ready,,True,eligible_after_content_import
YK-0118,YKC-0119,イーシュヴァラ・プラニダーナ,philosophy,concept,guru_future,False,False,False,3,checked,candidate_ready,,True,eligible_after_content_import
YK-0119,YKC-0123,クレーシャ、ヨガにおけるその意義,philosophy,concept,guru_future,False,False,False,1,checked,candidate_ready,,True,eligible_after_content_import
YK-0120,YKC-0127,サティヤ（satya 正直）：真実を語る、噓をつかないこと,philosophy,concept,guru_future,False,False,False,1,checked,candidate_ready,,True,eligible_after_content_import
YK-0121,YKC-0130,チッタ: 潜在意識的な心（心の場）,philosophy,concept,guru_future,False,False,False,1,checked,candidate_ready,,True,eligible_after_content_import
YK-0122,YKC-0115,チッタとチッタ・ブーミの概念,philosophy,concept,guru_future,False,False,False,1,checked,candidate_ready,,True,eligible_after_content_import
YK-0123,YKC-0116,チッタ・ブーミ,philosophy,concept,guru_future,False,False,False,1,checked,candidate_ready,,True,eligible_after_content_import
YK-0124,YKC-0128,チッタ・ブーミ：集中という面から見た心の状態,philosophy,concept,guru_future,False,False,False,1,checked,candidate_ready,,True,eligible_after_content_import
YK-0125,YKC-0122,チッタ・プラサーダナの概念,philosophy,concept,guru_future,False,False,False,1,checked,candidate_ready,,True,eligible_after_content_import
YK-0126,YKC-0120,チッタ・ヴィクシェーパ,philosophy,concept,guru_future,False,False,False,1,checked,candidate_ready,,True,eligible_after_content_import
YK-0127,YKC-0129,チッタ・ヴィクシェーパ：心の散漫。チッタ = 心の場。ヴィクシェーパ = 散漫、散乱）,philosophy,concept,guru_future,False,False,False,1,checked,candidate_ready,,True,eligible_after_content_import
YK-0128,YKC-0117,チッタ・ヴリッティとチッタ・ヴリッティ・ニローダの方法,philosophy,concept,guru_future,False,False,False,1,checked,candidate_ready,,True,eligible_after_content_import
YK-0129,YKC-0121,パタンジャリの『ヨガ・スートラ』I.30 vyādi-styāna-samśaya-,philosophy,concept,guru_future,False,False,False,1,checked,candidate_ready,,True,eligible_after_content_import
YK-0130,YKC-0114,パタンジャリのアシュタンガ・ヨガの目的,philosophy,concept,guru_future,False,False,False,1,checked,candidate_ready,,True,eligible_after_content_import
YK-0131,YKC-0131,プラティヤハーラ（感覚を内側に向けること）,philosophy,concept,guru_future,False,False,False,1,checked,candidate_ready,,True,eligible_after_content_import
YK-0132,YKC-0153,『バガヴァット・ギーター』とパタンジャリの『ヨガ・スートラ』の心理学,wellness,concept,reference_only,False,False,True,1,checked,candidate_ready,,True,eligible_after_content_import
YK-0133,YKC-0149,アーサナとその効用,anatomy,concept,reference_only,False,False,True,1,checked,candidate_ready,,True,eligible_after_content_import
YK-0134,YKC-0150,パタンジャリの『ヨガ・スートラ』（1.30）,anatomy,concept,reference_only,False,False,True,1,checked,candidate_ready,,True,eligible_after_content_import
YK-0135,YKC-0151,ヨガ実践のアンタラーヤ（antarāya 障害）,anatomy,concept,reference_only,False,False,True,1,checked,candidate_ready,,True,eligible_after_content_import
YK-0136,YKC-0152,ヨガ実践の限界や禁忌,anatomy,concept,reference_only,False,False,True,1,checked,candidate_ready,,True,eligible_after_content_import
YK-0137,YKC-0142,五感以外の感覚,anatomy,concept,reference_only,False,False,True,1,checked,candidate_ready,,True,eligible_after_content_import
YK-0138,YKC-0132,人体の器官系,anatomy,concept,reference_only,False,False,True,1,checked,candidate_ready,,True,eligible_after_content_import
YK-0139,YKC-0133,人体の様々な器官系の働き,anatomy,concept,reference_only,False,False,True,1,checked,candidate_ready,,True,eligible_after_content_import
YK-0140,YKC-0134,内分泌系,physiology,concept,reference_only,False,False,True,1,checked,candidate_ready,,True,eligible_after_content_import
YK-0141,YKC-0135,呼吸器系,physiology,concept,reference_only,False,False,True,1,checked,candidate_ready,,True,eligible_after_content_import
YK-0142,YKC-0154,心理学,wellness,concept,reference_only,False,False,True,1,checked,candidate_ready,,True,eligible_after_content_import
YK-0143,YKC-0147,恒常性,physiology,concept,reference_only,False,False,True,1,checked,candidate_ready,,True,eligible_after_content_import
YK-0144,YKC-0148,恒常性の例,physiology,concept,reference_only,False,False,True,1,checked,candidate_ready,,True,eligible_after_content_import
YK-0145,YKC-0143,感覚器官,anatomy,concept,reference_only,False,False,True,1,checked,candidate_ready,,True,eligible_after_content_import
YK-0146,YKC-0144,感覚器官と神経と筋肉の協調,physiology,concept,reference_only,False,False,True,1,checked,candidate_ready,,True,eligible_after_content_import
YK-0147,YKC-0145,感覚器官の神経筋協調,physiology,concept,reference_only,False,False,True,1,checked,candidate_ready,,True,eligible_after_content_import
YK-0148,YKC-0136,排泄器系,physiology,concept,reference_only,False,False,True,1,checked,candidate_ready,,True,eligible_after_content_import
YK-0149,YKC-0137,消化器系,physiology,concept,reference_only,False,False,True,1,checked,candidate_ready,,True,eligible_after_content_import
YK-0150,YKC-0138,生殖器系,physiology,concept,reference_only,False,False,True,1,checked,candidate_ready,,True,eligible_after_content_import
YK-0151,YKC-0139,神経系,physiology,concept,reference_only,False,False,True,1,checked,candidate_ready,,True,eligible_after_content_import
YK-0152,YKC-0140,筋肉系,anatomy,concept,reference_only,False,False,True,1,checked,candidate_ready,,True,eligible_after_content_import
YK-0153,YKC-0146,運動生理学,anatomy,concept,reference_only,False,False,True,1,checked,candidate_ready,,True,eligible_after_content_import
YK-0154,YKC-0141,骨格系,anatomy,concept,reference_only,False,False,True,1,checked,candidate_ready,,True,eligible_after_content_import
YK-0155,YKC-0179,『ヨガ・スートラ』2.30,wellness,concept,reference_only,False,False,True,2,checked,candidate_ready,merged_from_multiple_source_occurrences,True,eligible_after_content_import
YK-0156,YKC-0170,アステーヤ（盗むのをやめること）,philosophy,concept,guru_future,False,False,False,2,checked,candidate_ready,,True,eligible_after_content_import
YK-0157,YKC-0171,アパリグラハ,philosophy,concept,guru_future,False,False,False,2,checked,candidate_ready,,True,eligible_after_content_import
YK-0158,YKC-0172,アヒンサー（非暴力、他者を傷つけない）,philosophy,concept,guru_future,False,False,False,2,checked,candidate_ready,,True,eligible_after_content_import
YK-0159,YKC-0155,ウエルネス,wellness,concept,reference_only,False,False,True,1,checked,candidate_ready,,True,eligible_after_content_import
YK-0160,YKC-0160,サットヴァ・グナを育てる,wellness,concept,reference_only,False,False,True,1,checked,candidate_ready,,True,eligible_after_content_import
YK-0161,YKC-0173,サティヤ（真理）,philosophy,concept,guru_future,False,False,False,2,checked,candidate_ready,,True,eligible_after_content_import
YK-0162,YKC-0174,サントーシャ（満足）,philosophy,concept,guru_future,False,False,False,2,checked,candidate_ready,,True,eligible_after_content_import
YK-0163,YKC-0175,シャウチャ（浄化）,philosophy,concept,guru_future,False,False,False,2,checked,candidate_ready,,True,eligible_after_content_import
YK-0164,YKC-0176,スヴァディアーヤ,wellness,concept,reference_only,False,False,True,1,checked,candidate_ready,,True,eligible_after_content_import
YK-0165,YKC-0177,タパス（苦行）,philosophy,concept,guru_future,False,False,False,2,checked,candidate_ready,,True,eligible_after_content_import
YK-0166,YKC-0169,パンチャ・マハーブータの概念,wellness,concept,reference_only,False,False,True,2,checked,candidate_ready,merged_from_multiple_source_occurrences,True,eligible_after_content_import
YK-0167,YKC-0178,ブラフマチャリヤ,philosophy,concept,guru_future,False,False,False,2,checked,candidate_ready,,True,eligible_after_content_import
YK-0168,YKC-0161,ヨガによる体の健康の性質,wellness,concept,reference_only,False,False,True,1,checked,candidate_ready,,True,eligible_after_content_import
YK-0169,YKC-0162,ヨガによる心の健康の性質,wellness,concept,reference_only,False,False,True,1,checked,candidate_ready,,True,eligible_after_content_import
YK-0170,YKC-0163,ヨガによる精神的な健康の性質,wellness,concept,reference_only,False,False,True,1,checked,candidate_ready,,True,eligible_after_content_import
YK-0171,YKC-0164,ヨガ的な健康の概念,wellness,concept,reference_only,False,False,True,1,checked,candidate_ready,,True,eligible_after_content_import
YK-0172,YKC-0156,健康とウエルネス,wellness,concept,reference_only,False,False,True,1,checked,candidate_ready,,True,eligible_after_content_import
YK-0173,YKC-0157,健康とウエルネスにおけるヨガの役割,wellness,concept,reference_only,False,False,True,1,checked,candidate_ready,,True,eligible_after_content_import
YK-0174,YKC-0165,健康と病気のヨガ的概念,wellness,concept,reference_only,False,False,True,1,checked,candidate_ready,,True,eligible_after_content_import
YK-0175,YKC-0180,健康な生活のためのヨガの原則,wellness,concept,reference_only,False,False,True,1,checked,candidate_ready,,True,eligible_after_content_import
YK-0176,YKC-0181,健康な生活のためのヨガ的原則,wellness,concept,reference_only,False,False,True,1,checked,candidate_ready,,True,eligible_after_content_import
YK-0177,YKC-0166,健康な生活のヨガ的概念,wellness,concept,reference_only,False,False,True,1,checked,candidate_ready,,True,eligible_after_content_import
YK-0178,YKC-0158,心の健康,wellness,concept,reference_only,False,False,True,1,checked,candidate_ready,,True,eligible_after_content_import
YK-0179,YKC-0167,病気のヨガ的な概念,wellness,concept,reference_only,False,False,True,1,checked,candidate_ready,,True,eligible_after_content_import
YK-0180,YKC-0168,病気の発生,wellness,concept,reference_only,False,False,True,1,checked,candidate_ready,,True,eligible_after_content_import
YK-0181,YKC-0159,関節の可動性,wellness,concept,reference_only,False,False,True,1,checked,candidate_ready,,True,eligible_after_content_import
YK-0182,YKC-0194,ストレスの定義,stress_management,definition,reference_only,False,False,True,1,checked,candidate_ready,,True,eligible_after_content_import
YK-0183,YKC-0195,ストレスの概念：現代的な見方,stress_management,concept,reference_only,False,False,True,2,checked,candidate_ready,merged_from_multiple_source_occurrences,True,eligible_after_content_import
YK-0184,YKC-0197,ストレス軽減のためのヨガ,stress_management,concept,reference_only,False,False,True,1,checked,candidate_ready,,True,eligible_after_content_import
YK-0185,YKC-0198,セートゥ・バンダーサナ（setu bandhāsana 橋のポーズ）,stress_management,concept,reference_only,False,False,True,1,checked,candidate_ready,,True,eligible_after_content_import
YK-0186,YKC-0192,メンタルヘルス（ヤマとニヤマ）の重要性,stress_management,concept,reference_only,False,False,True,1,checked,candidate_ready,,True,eligible_after_content_import
YK-0187,YKC-0196,ヨガから見たストレス,stress_management,concept,reference_only,False,False,True,1,checked,candidate_ready,,True,eligible_after_content_import
YK-0188,YKC-0182,ヨガとその現代的な概念,stress_management,concept,reference_only,False,False,True,1,checked,candidate_ready,,True,eligible_after_content_import
YK-0189,YKC-0199,ヨガの役割：ストレスとライフスタイル・マネジメント,stress_management,concept,reference_only,False,False,True,2,checked,candidate_ready,merged_from_multiple_source_occurrences,True,eligible_after_content_import
YK-0190,YKC-0183,人間の心,stress_management,concept,reference_only,False,False,True,1,checked,candidate_ready,,True,eligible_after_content_import
YK-0191,YKC-0188,心と体の関係,stress_management,concept,reference_only,False,False,True,2,checked,candidate_ready,merged_from_multiple_source_occurrences,True,eligible_after_content_import
YK-0192,YKC-0184,心理的なプロセス,stress_management,concept,reference_only,False,False,True,1,checked,candidate_ready,,True,eligible_after_content_import
YK-0193,YKC-0193,心理社会的な環境,stress_management,concept,reference_only,False,False,True,1,checked,candidate_ready,,True,eligible_after_content_import
YK-0194,YKC-0185,心身症,stress_management,concept,reference_only,False,False,True,1,checked,candidate_ready,,True,eligible_after_content_import
YK-0195,YKC-0186,欲求不満・葛藤,stress_management,concept,reference_only,False,False,True,1,checked,candidate_ready,,True,eligible_after_content_import
YK-0196,YKC-0187,欲求不満・葛藤・心身症,stress_management,concept,reference_only,False,False,True,1,checked,candidate_ready,,True,eligible_after_content_import
YK-0197,YKC-0189,精神衛生におけるヨガの役割,stress_management,concept,reference_only,False,False,True,1,checked,candidate_ready,,True,eligible_after_content_import
YK-0198,YKC-0191,精神衛生のための祈りと瞑想,stress_management,concept,reference_only,False,False,True,2,checked,candidate_ready,merged_from_multiple_source_occurrences,True,eligible_after_content_import
YK-0199,YKC-0190,精神衛生：ヨガ的展望,stress_management,concept,reference_only,False,False,True,2,checked,candidate_ready,merged_from_multiple_source_occurrences,True,eligible_after_content_import
YK-0200,YKC-0211,クラスを教えるときの一般的な指針,teaching,teaching,teacher_education,False,True,False,1,checked,candidate_ready,,True,eligible_after_content_import
YK-0201,YKC-0200,コミュニケーション・スキル,communication,teaching,teacher_education,False,True,False,1,checked,candidate_ready,,True,eligible_after_content_import
YK-0202,YKC-0212,ペース,teaching,teaching,teacher_education,False,True,False,1,checked,candidate_ready,,True,eligible_after_content_import
YK-0203,YKC-0206,ヨガの教師の仕事,teaching,teaching,teacher_education,False,True,False,1,checked,candidate_ready,,True,eligible_after_content_import
YK-0204,YKC-0217,ヨガの練習の教え方,teaching,teaching,teacher_education,False,True,False,1,checked,candidate_ready,,True,eligible_after_content_import
YK-0205,YKC-0205,ヨガクラスの環境：望ましいことと望ましくないこと,teaching,teaching,teacher_education,False,True,False,2,checked,candidate_ready,merged_from_multiple_source_occurrences,True,eligible_after_content_import
YK-0206,YKC-0222,ヨガクラスの管理運営,teaching,teaching,teacher_education,False,True,False,1,checked,candidate_ready,,True,eligible_after_content_import
YK-0207,YKC-0223,ヨガクラスの運営,teaching,teaching,teacher_education,False,True,False,1,checked,candidate_ready,,True,eligible_after_content_import
YK-0208,YKC-0216,ヨガコースのスケジュール,teaching,teaching,teacher_education,False,True,False,1,checked,candidate_ready,,True,eligible_after_content_import
YK-0209,YKC-0213,ヨガ指導における声,teaching,teaching,teacher_education,False,True,False,1,checked,candidate_ready,,True,eligible_after_content_import
YK-0210,YKC-0207,ヨガ教師の仕事と特質,teaching,teaching,teacher_education,False,True,False,1,checked,candidate_ready,,True,eligible_after_content_import
YK-0211,YKC-0224,レッスンプラン,teaching,teaching,teacher_education,False,True,False,1,checked,candidate_ready,,True,eligible_after_content_import
YK-0212,YKC-0208,効果的な教え方,teaching,teaching,teacher_education,False,True,False,1,checked,candidate_ready,,True,eligible_after_content_import
YK-0213,YKC-0209,効果的な教授スキル,teaching,teaching,teacher_education,False,True,False,1,checked,candidate_ready,,True,eligible_after_content_import
YK-0214,YKC-0201,動機付けと継続のためのテクニック,teaching,teaching,teacher_education,False,True,False,1,checked,candidate_ready,,True,eligible_after_content_import
YK-0215,YKC-0202,動機付けと継続のテクニック,teaching,teaching,teacher_education,False,True,False,1,checked,candidate_ready,,True,eligible_after_content_import
YK-0216,YKC-0218,呼吸を数えながらの実演,teaching,teaching,teacher_education,False,True,False,1,checked,candidate_ready,,True,eligible_after_content_import
YK-0217,YKC-0214,大きい部屋,teaching,teaching,teacher_education,False,True,False,1,checked,candidate_ready,,True,eligible_after_content_import
YK-0218,YKC-0219,実演（デモンストレーション）,teaching,teaching,teacher_education,False,True,False,1,checked,candidate_ready,,True,eligible_after_content_import
YK-0219,YKC-0215,小さい部屋,teaching,teaching,teacher_education,False,True,False,1,checked,candidate_ready,,True,eligible_after_content_import
YK-0220,YKC-0227,接触,teaching,teaching,teacher_education,False,True,False,1,checked,candidate_ready,,True,eligible_after_content_import
YK-0221,YKC-0228,接触の種類,teaching,teaching,teacher_education,False,True,False,1,checked,candidate_ready,,True,eligible_after_content_import
YK-0222,YKC-0210,教師の役割,teaching,teaching,teacher_education,False,True,False,1,checked,candidate_ready,,True,eligible_after_content_import
YK-0223,YKC-0229,教授テクニック,teaching,teaching,teacher_education,False,True,False,1,checked,candidate_ready,,True,eligible_after_content_import
YK-0224,YKC-0225,生徒たちを怪我から守る,teaching,teaching,teacher_education,False,True,False,1,checked,candidate_ready,,True,eligible_after_content_import
YK-0225,YKC-0226,生徒のための日々の日課を準備する,teaching,teaching,teacher_education,False,True,False,1,checked,candidate_ready,,True,eligible_after_content_import
YK-0226,YKC-0203,生徒の名前を使う,teaching,teaching,teacher_education,False,True,False,1,checked,candidate_ready,,True,eligible_after_content_import
YK-0227,YKC-0230,観察,teaching,teaching,teacher_education,False,True,False,1,checked,candidate_ready,,True,eligible_after_content_import
YK-0228,YKC-0204,言葉によるコミュニケーションの技術,communication,teaching,teacher_education,False,True,False,1,checked,candidate_ready,,True,eligible_after_content_import
YK-0229,YKC-0220,質疑応答のセッション,teaching,teaching,teacher_education,False,True,False,1,checked,candidate_ready,,True,eligible_after_content_import
YK-0230,YKC-0231,適切でない接触,teaching,teaching,teacher_education,False,True,False,1,checked,candidate_ready,,True,eligible_after_content_import
YK-0231,YKC-0232,適切な接触,teaching,teaching,teacher_education,False,True,False,1,checked,candidate_ready,,True,eligible_after_content_import
YK-0232,YKC-0221,静かな実演,teaching,teaching,teacher_education,False,True,False,1,checked,candidate_ready,,True,eligible_after_content_import
YK-0233,YKC-0246,カパーラバーティ,asana,practice,reference_only,False,False,False,2,checked,candidate_ready,merged_from_multiple_source_occurrences,True,eligible_after_content_import
YK-0234,YKC-0247,シャット・クリヤー：体の強化と健康のために意図されたハタ・ヨガの6つの浄化法,asana,practice,reference_only,False,False,False,1,checked,candidate_ready,,True,eligible_after_content_import
YK-0235,YKC-0243,スークシュマ・ヴャヤヤーマ,asana,concept,ai_teacher_explanation,False,False,True,2,checked,candidate_ready,,True,eligible_after_content_import
YK-0236,YKC-0248,ダウティ／クンジャラ（dhauti / kunjala-kriyā 洗浄法/嘔吐法）,asana,practice,reference_only,False,False,False,1,checked,candidate_ready,,True,eligible_after_content_import
YK-0237,YKC-0249,トラータカ（trāṭaka 眼の浄化法）,asana,practice,reference_only,False,False,False,1,checked,candidate_ready,,True,eligible_after_content_import
YK-0238,YKC-0250,ナウリ（nauli 腹部運動）,asana,practice,reference_only,False,False,False,1,checked,candidate_ready,,True,eligible_after_content_import
YK-0239,YKC-0251,ネティ（neti 鼻腔の浄化法）,asana,practice,reference_only,False,False,False,1,checked,candidate_ready,,True,eligible_after_content_import
YK-0240,YKC-0252,バスティ（vasti 浣腸法）,asana,practice,reference_only,False,False,False,1,checked,candidate_ready,,True,eligible_after_content_import
YK-0241,YKC-0233,主要関節の動き,anatomy,concept,reference_only,False,False,False,1,checked,candidate_ready,,True,eligible_after_content_import
YK-0242,YKC-0234,体幹関節,anatomy,concept,reference_only,False,False,False,1,checked,candidate_ready,,True,eligible_after_content_import
YK-0243,YKC-0236,肩関節,anatomy,concept,reference_only,False,False,False,1,checked,candidate_ready,,True,eligible_after_content_import
YK-0244,YKC-0237,膝関節,anatomy,concept,reference_only,False,False,False,1,checked,candidate_ready,,True,eligible_after_content_import
YK-0245,YKC-0238,要所の関節の動き,anatomy,concept,reference_only,False,False,False,1,checked,candidate_ready,,True,eligible_after_content_import
YK-0246,YKC-0239,距骨（きょこつ）,anatomy,concept,reference_only,False,False,False,1,checked,candidate_ready,,True,eligible_after_content_import
YK-0247,YKC-0240,関節と靭帯,anatomy,concept,reference_only,False,False,False,1,checked,candidate_ready,,True,eligible_after_content_import
YK-0248,YKC-0253,靭帯：骨と隣接する骨をつなぐ結合組織の束,anatomy,concept,reference_only,False,False,False,1,checked,candidate_ready,,True,eligible_after_content_import
YK-0249,YKC-0245,頭からつま先までのスークシュマ・ヴャヤヤーマ,asana,concept,reference_only,False,False,False,1,checked,candidate_ready,,True,eligible_after_content_import
YK-0250,YKC-0241,首（頚）の関節,anatomy,concept,reference_only,False,False,False,1,checked,candidate_ready,,True,eligible_after_content_import
YK-0251,YKC-0242,骨,anatomy,concept,reference_only,False,False,False,1,checked,candidate_ready,,True,eligible_after_content_import
YK-0252,YKC-0325,アルダ・マッツェンドラーサナ（ardha-matsyendrāsana 半分のアルダ・マッツェンドラのポーズ、半分の背骨をねじるポーズ）,asana,practice,ai_teacher_explanation,True,False,True,1,review_required,review_needed,chapter9 source is review_required; practice candidate requires safety/editorial review,False,unpublished
YK-0253,YKC-0338,ウシュトラーサナ（uṣṭrāsana ラクダのポーズ）,asana,practice,ai_teacher_explanation,True,False,True,1,review_required,review_needed,chapter9 source is review_required; practice candidate requires safety/editorial review,False,unpublished
YK-0254,YKC-0337,ウトゥカターサナ、またはウッカターサナ（utkaṭāsana 椅子のポーズ）,asana,practice,ai_teacher_explanation,True,False,True,1,review_required,review_needed,chapter9 source is review_required; practice candidate requires safety/editorial review,False,unpublished
YK-0255,YKC-0334,カカーサナ（kakāsana カラスのポーズ）,asana,practice,ai_teacher_explanation,True,False,True,1,review_required,review_needed,chapter9 source is review_required; practice candidate requires safety/editorial review,False,unpublished
YK-0256,YKC-0259,ガルーダアーサナ（garuḍāsana 鷲のポーズ）,asana,practice,ai_teacher_explanation,True,False,True,1,review_required,review_needed,contains_review_required_source; practice_candidate_requires_safety_editorial_review,False,unpublished
YK-0257,YKC-0327,クールマーサナ（kūrmāsana 亀のポーズ）,asana,practice,ai_teacher_explanation,True,False,True,1,review_required,review_needed,chapter9 source is review_required; practice candidate requires safety/editorial review,False,unpublished
YK-0258,YKC-0331,サルヴァーンガーサナ（sarvāṅgāsana 全身のポーズ、肩立ち）,asana,practice,ai_teacher_explanation,True,False,True,1,review_required,review_needed,chapter9 source is review_required; practice candidate requires safety/editorial review,False,unpublished
YK-0259,YKC-0323,シャラバーサナ（śalabhāsana バッタのポーズ）,asana,practice,ai_teacher_explanation,True,False,True,1,review_required,review_needed,chapter9 source is review_required; practice candidate requires safety/editorial review,False,unpublished
YK-0260,YKC-0329,シャヴァーサナ（śavāsana 屍のポーズ）,asana,practice,ai_teacher_explanation,True,False,True,1,review_required,review_needed,chapter9 source is review_required; practice candidate requires safety/editorial review,False,unpublished
YK-0261,YKC-0330,シールシャーサナ（śīrṣāsana 頭立ち）,asana,practice,ai_teacher_explanation,True,False,True,1,review_required,review_needed,chapter9 source is review_required; practice candidate requires safety/editorial review,False,unpublished
YK-0262,YKC-0256,スーリヤ・ナマスカーラのテクニック,asana,concept,reference_only,False,False,False,2,review_required,review_needed,chapter9 source is review_required,False,unpublished
YK-0263,YKC-0254,スーリヤ・ナマスカーラ（太陽礼拝）序論,asana,concept,reference_only,False,False,False,2,review_required,review_needed,chapter9 source is review_required,False,unpublished
YK-0264,YKC-0336,タダーサナ（tāḍāsana）,asana,practice,ai_teacher_explanation,True,False,True,1,review_required,review_needed,chapter9 source is review_required; practice candidate requires safety/editorial review,False,unpublished
YK-0265,YKC-0324,ダヌラーサナ（dhnurāsana 弓のポーズ）,asana,practice,ai_teacher_explanation,True,False,True,1,review_required,review_needed,chapter9 source is review_required; practice candidate requires safety/editorial review,False,unpublished
YK-0266,YKC-0333,チャクラーサナ（cakrāsana 車輪のポーズ）,asana,practice,ai_teacher_explanation,True,False,True,1,review_required,review_needed,chapter9 source is review_required; practice candidate requires safety/editorial review,False,unpublished
YK-0267,YKC-0321,トリコーナーサナ（trikoṇāsana 三角形のポーズ）,asana,practice,ai_teacher_explanation,True,False,True,1,review_required,review_needed,chapter9 source is review_required; practice candidate requires safety/editorial review,False,unpublished
YK-0268,YKC-0332,ハラーサナ（halāsana 鋤のポーズ）,asana,practice,ai_teacher_explanation,True,False,True,1,review_required,review_needed,chapter9 source is review_required; practice candidate requires safety/editorial review,False,unpublished
YK-0269,YKC-0328,バッダ・パドマーサナ（baddha-padmāsana 固定の蓮華座）,asana,practice,ai_teacher_explanation,True,False,True,1,review_required,review_needed,chapter9 source is review_required; practice candidate requires safety/editorial review,False,unpublished
YK-0270,YKC-0320,パスチモッタナーサナ（paścimottānāsana 座位前屈ポーズ）,asana,practice,ai_teacher_explanation,True,False,True,1,review_required,review_needed,chapter9 source is review_required; practice candidate requires safety/editorial review,False,unpublished
YK-0271,YKC-0339,パヴァナムクターサナ（pavana-muktāsana ガス抜きのポーズ）,asana,practice,ai_teacher_explanation,True,False,True,1,review_required,review_needed,chapter9 source is review_required; practice candidate requires safety/editorial review,False,unpublished
YK-0272,YKC-0326,パーダハスターサナ（pādahastāsana 立ちながら前方に曲げる）,asana,practice,ai_teacher_explanation,True,False,True,1,review_required,review_needed,chapter9 source is review_required; practice candidate requires safety/editorial review,False,unpublished
YK-0273,YKC-0322,ブジャンガーサナ（bhujaṅgāsana コブラのポーズ）,asana,practice,ai_teacher_explanation,True,False,True,1,review_required,review_needed,chapter9 source is review_required; practice candidate requires safety/editorial review,False,unpublished
YK-0274,YKC-0319,マツヤーサナ（matsyāsana 魚のポーズ）,asana,practice,ai_teacher_explanation,True,False,True,1,review_required,review_needed,chapter9 source is review_required; practice candidate requires safety/editorial review,False,unpublished
YK-0275,YKC-0335,マユラーサナ（mayurāsana 孔雀のポーズ）,asana,practice,ai_teacher_explanation,True,False,True,1,review_required,review_needed,chapter9 source is review_required; practice candidate requires safety/editorial review,False,unpublished
YK-0276,YKC-0261,ヨガにおける五つの背骨の動き,asana,concept,reference_only,False,False,False,1,review_required,review_needed,contains_review_required_source,False,unpublished
YK-0277,YKC-0340,ヴルクシャーサナ（vṛkṣāsana 木のポーズ）,asana,practice,ai_teacher_explanation,True,False,True,1,review_required,review_needed,chapter9 source is review_required; practice candidate requires safety/editorial review,False,unpublished
YK-0278,YKC-0262,側方屈曲（側屈）,asana,concept,reference_only,False,False,False,1,review_required,review_needed,contains_review_required_source,False,unpublished
YK-0279,YKC-0263,反り（後屈）,asana,concept,reference_only,False,False,False,1,review_required,review_needed,contains_review_required_source,False,unpublished
YK-0280,YKC-0258,太陽への祈り,asana,concept,reference_only,False,False,False,1,review_required,review_needed,contains_review_required_source,False,unpublished
YK-0281,YKC-0264,屈曲 （前屈）,asana,concept,reference_only,False,False,False,1,review_required,review_needed,contains_review_required_source,False,unpublished
YK-0282,YKC-0265,軸伸張,asana,concept,reference_only,False,False,False,1,review_required,review_needed,contains_review_required_source,False,unpublished
YK-0283,YKC-0266,軸回転（ねじり）,asana,concept,reference_only,False,False,False,1,review_required,review_needed,contains_review_required_source,False,unpublished
YK-0284,YKC-0282,アシュヴィニー・ムドラー（aśvinī-mudrā）,philosophy,practice,reference_only,True,False,True,1,checked,review_needed,mudra practice requires separate editorial/safety review before AI Teacher use,False,unpublished
YK-0285,YKC-0317,アヌローマ・ヴィローマ／ナーディー・ショーダナ,pranayama,practice,ai_teacher_explanation,True,False,True,1,checked,review_needed,pranayama practice candidate requires safety/editorial review,False,unpublished
YK-0286,YKC-0313,アルダ・パドマーサナ（ardha-padmāsana 半分の蓮華座）,asana,practice,ai_teacher_explanation,True,False,False,1,checked,candidate_ready,,True,eligible_after_content_import
YK-0287,YKC-0267,ウジャーイー・プラーナーヤーマ（ujjāyī-prāṇāyāma）,pranayama,practice,ai_teacher_explanation,True,False,True,1,checked,review_needed,pranayama practice candidate requires safety/editorial review,False,unpublished
YK-0288,YKC-0283,ガーヤトリー・マントラ（gāyatrī-mantra）,philosophy,concept,reference_only,False,False,False,1,checked,candidate_ready,,True,eligible_after_content_import
YK-0289,YKC-0284,ケーチャリー・ムドラー（kecarī-mudrā）,philosophy,practice,reference_only,True,False,True,1,checked,review_needed,mudra practice requires separate editorial/safety review before AI Teacher use,False,unpublished
YK-0290,YKC-0268,シッダーサナ（siddhāsana 達人座）,philosophy,concept,reference_only,False,False,False,1,checked,candidate_ready,,True,eligible_after_content_import
YK-0291,YKC-0285,シャンティ・マントラ（śāntī-mantra）,philosophy,concept,reference_only,False,False,False,1,checked,candidate_ready,,True,eligible_after_content_import
YK-0292,YKC-0269,シータリー・プラーナーヤーマ（śītalī-prāṇāyāma）,pranayama,practice,ai_teacher_explanation,True,False,True,1,checked,review_needed,pranayama practice candidate requires safety/editorial review,False,unpublished
YK-0293,YKC-0270,シートカーリー・プラーナーヤーマ（śītkarī-prāṇāyāma）,pranayama,practice,ai_teacher_explanation,True,False,True,1,checked,review_needed,pranayama practice candidate requires safety/editorial review,False,unpublished
YK-0294,YKC-0286,ジャパ,philosophy,practice,reference_only,False,False,False,1,checked,candidate_ready,,True,eligible_after_content_import
YK-0295,YKC-0287,ジュニャーナ（jñāna）またはギャーナ・ムドラー（gyāna-mudrā）,philosophy,practice,reference_only,True,False,True,1,checked,review_needed,mudra practice requires separate editorial/safety review before AI Teacher use,False,unpublished
YK-0296,YKC-0315,スカーサナ（skhāsana 安楽座）,asana,practice,ai_teacher_explanation,True,False,False,1,checked,candidate_ready,,True,eligible_after_content_import
YK-0297,YKC-0314,スヴァスティカーサナ（svastikāsana 吉祥座）,asana,practice,ai_teacher_explanation,True,False,False,1,checked,candidate_ready,,True,eligible_after_content_import
YK-0298,YKC-0271,スーリヤ・ベーダナ・プラーナーヤーマ（sūrya-bhedana-prāṇāyāma）,pranayama,practice,ai_teacher_explanation,True,False,True,1,checked,review_needed,pranayama practice candidate requires safety/editorial review,False,unpublished
YK-0299,YKC-0288,ダーラナとディヤーナの間の相違,dhyana,concept,reference_only,False,False,False,1,checked,candidate_ready,,True,eligible_after_content_import
YK-0300,YKC-0318,チャンドラ・ベーダナ・プラーナーヤーマ,pranayama,practice,ai_teacher_explanation,True,False,True,1,checked,review_needed,pranayama practice candidate requires safety/editorial review,False,unpublished
YK-0301,YKC-0272,バストリカー・プラーナーヤーマ（bhastrikā-prāṇāyāma フイゴ呼吸）,pranayama,practice,ai_teacher_explanation,True,False,True,1,checked,review_needed,pranayama practice candidate requires safety/editorial review,False,unpublished
YK-0302,YKC-0312,パドマーサナ（padmāsana 蓮華座）,asana,practice,ai_teacher_explanation,True,False,False,1,checked,candidate_ready,,True,eligible_after_content_import
YK-0303,YKC-0273,ブラーマリー・プラーナーヤーマ（bhrāmarī-prāṇāyāma 蜂の羽音の呼吸法）,pranayama,practice,ai_teacher_explanation,True,False,True,1,checked,review_needed,pranayama practice candidate requires safety/editorial review,False,unpublished
YK-0304,YKC-0289,プラーナ・ムドラー（prāṅa-mudrā）,philosophy,practice,reference_only,True,False,True,1,checked,review_needed,mudra practice requires separate editorial/safety review before AI Teacher use,False,unpublished
YK-0305,YKC-0274,プラーナーヤーマのための座法（ポーズ）,pranayama,practice,ai_teacher_explanation,True,False,True,1,checked,review_needed,practice_candidate_requires_safety_editorial_review,False,unpublished
YK-0306,YKC-0275,プラーナーヤーマ（呼吸法）への導入,pranayama,practice,ai_teacher_explanation,True,False,True,1,checked,review_needed,practice_candidate_requires_safety_editorial_review,False,unpublished
YK-0307,YKC-0290,マインドフルネス瞑想,dhyana,practice,ai_teacher_explanation,True,False,False,1,checked,candidate_ready,,True,eligible_after_content_import
YK-0308,YKC-0291,マントラ,philosophy,concept,reference_only,False,False,False,1,checked,candidate_ready,,True,eligible_after_content_import
YK-0309,YKC-0292,マントラ・チャクラ（mantra-cakra 真言輪筒）,philosophy,concept,reference_only,False,False,False,1,checked,candidate_ready,,True,eligible_after_content_import
YK-0310,YKC-0293,ムドラーを実践する時間,philosophy,practice,reference_only,True,False,True,1,checked,review_needed,mudra practice requires separate editorial/safety review before AI Teacher use,False,unpublished
YK-0311,YKC-0316,ヴァジラーサナ（vajrāsana 金剛座、正座）,asana,practice,ai_teacher_explanation,True,False,False,1,checked,candidate_ready,,True,eligible_after_content_import
YK-0312,YKC-0294,初心者の簡単な瞑想技法,dhyana,practice,ai_teacher_explanation,True,False,False,1,checked,candidate_ready,,True,eligible_after_content_import
YK-0313,YKC-0276,完全なヨガ呼吸－理解と実演能力,pranayama,practice,ai_teacher_explanation,True,False,True,1,checked,review_needed,practice_candidate_requires_safety_editorial_review,False,unpublished
YK-0314,YKC-0277,段階的な横隔膜呼吸（腹式呼吸）の案内,breathwork,practice,ai_teacher_explanation,True,False,False,1,checked,candidate_ready,,True,eligible_after_content_import
YK-0315,YKC-0295,瞑想の実践的テクニック,dhyana,concept,ai_teacher_explanation,False,False,False,2,checked,candidate_ready,,True,eligible_after_content_import
YK-0316,YKC-0281,瞑想の概念,dhyana,concept,ai_teacher_explanation,False,False,False,2,checked,candidate_ready,,True,eligible_after_content_import
YK-0317,YKC-0278,胸郭または胸式呼吸,breathwork,practice,ai_teacher_explanation,True,False,False,1,checked,candidate_ready,,True,eligible_after_content_import
YK-0318,YKC-0279,腹式呼吸,breathwork,practice,ai_teacher_explanation,True,False,False,1,checked,candidate_ready,,True,eligible_after_content_import
YK-0319,YKC-0280,鎖骨呼吸,breathwork,practice,ai_teacher_explanation,True,False,False,1,checked,candidate_ready,,True,eligible_after_content_import
YK-0320,YKC-0296,集中瞑想,dhyana,practice,ai_teacher_explanation,True,False,False,1,checked,candidate_ready,,True,eligible_after_content_import
YK-0321,YKC-0297,クラスに十分な時間の余裕をもち出発すること,teaching,teaching,teacher_education,False,True,False,1,final,candidate_ready,,True,eligible_after_content_import
YK-0322,YKC-0298,クラス環境の重要点,teaching,teaching,teacher_education,False,True,False,1,final,candidate_ready,,True,eligible_after_content_import
YK-0323,YKC-0309,グループでヨガを教える,teaching,teaching,teacher_education,False,True,False,1,final,candidate_ready,,True,eligible_after_content_import
YK-0324,YKC-0299,ヨガを教える,teaching,teaching,teacher_education,False,True,False,1,final,candidate_ready,,True,eligible_after_content_import
YK-0325,YKC-0300,存在感,teaching,teaching,teacher_education,False,True,False,1,final,candidate_ready,,True,eligible_after_content_import
YK-0326,YKC-0310,実演（Demonstration）：指導方法としてヨガの実践を示す行為,teaching,teaching,teacher_education,False,True,False,1,final,candidate_ready,,True,eligible_after_content_import
YK-0327,YKC-0304,志望者教育のために必要とされる技能,teaching,teaching,teacher_education,False,True,False,1,final,candidate_ready,,True,eligible_after_content_import
YK-0328,YKC-0305,指導方法,teaching,teaching,teacher_education,False,True,False,1,final,candidate_ready,,True,eligible_after_content_import
YK-0329,YKC-0306,教育原理,teaching,teaching,teacher_education,False,True,False,1,final,candidate_ready,,True,eligible_after_content_import
YK-0330,YKC-0301,様々な生徒に対応すること,teaching,teaching,teacher_education,False,True,False,1,final,candidate_ready,,True,eligible_after_content_import
YK-0331,YKC-0302,沈黙か瞑想でクラスを始めること,teaching,teaching,teacher_education,False,True,False,1,final,candidate_ready,,True,eligible_after_content_import
YK-0332,YKC-0303,生徒に感謝を表現すること,teaching,teaching,teacher_education,False,True,False,1,final,candidate_ready,,True,eligible_after_content_import
YK-0333,YKC-0307,生徒を教育するための原則とスキル,teaching,teaching,teacher_education,False,True,False,1,final,candidate_ready,,True,eligible_after_content_import
YK-0334,YKC-0308,直接実践教授法（Direct-Practice Method）,teaching,teaching,teacher_education,False,True,False,1,final,candidate_ready,,True,eligible_after_content_import
YK-0335,YKC-0311,質疑応答セッション,teaching,teaching,teacher_education,False,True,False,1,final,candidate_ready,,True,eligible_after_content_import
