master_id,canonical_id,chapter_no,chapter_title,section_no,section_title,source_entry_title,source_file,source_status,source_page_start,notes
YK-0040,YKC-0001,1,ヨガとヨガの実践について,1.1,ヨガの語源,ヨガの定義,10.5ヨガ本第1章ヨガとヨガの実践について＿チェック済.docx,checked,,
YK-0040,YKC-0001,3,パタンジャリの『ヨガ・スートラ』序説,3.1,ヨガ：その定義,ヨガ：その定義,10.5ヨガ本第3章パタンジャリの『ヨガ・スートラ』序説＿チェック済.docx,checked,,
YK-0040,YKC-0001,3,パタンジャリの『ヨガ・スートラ』序説,3.1,ヨガ、その定義,ヨガ、その定義,10.5ヨガ本第3章パタンジャリの『ヨガ・スートラ』序説＿チェック済.docx,checked,,
YK-0041,YKC-0002,1,ヨガとヨガの実践について,1.10,ヨガの実践のためのガイドライン,ヨガの実践のためのガイドライン,10.5ヨガ本第1章ヨガとヨガの実践について＿チェック済.docx,checked,,
YK-0042,YKC-0003,1,ヨガとヨガの実践について,1.10,ヨガの実践のガイドライン10,ヨガの実践のガイドライン10,10.5ヨガ本第1章ヨガとヨガの実践について＿チェック済.docx,checked,,
YK-0048,YKC-0004,1,ヨガとヨガの実践について,1.1,ヨガの語源,ヨガの語源,10.5ヨガ本第1章ヨガとヨガの実践について＿チェック済.docx,checked,,
YK-0050,YKC-0005,1,ヨガとヨガの実践について,1.10,ヨガの実践のガイドライン10,ヨガを行う前,10.5ヨガ本第1章ヨガとヨガの実践について＿チェック済.docx,checked,,
YK-0051,YKC-0006,1,ヨガとヨガの実践について,1.10,ヨガの実践のガイドライン10,ヨガを行った後,10.5ヨガ本第1章ヨガとヨガの実践について＿チェック済.docx,checked,,
YK-0052,YKC-0007,1,ヨガとヨガの実践について,1.10,ヨガの実践のガイドライン10,ヨガを行っている間,10.5ヨガ本第1章ヨガとヨガの実践について＿チェック済.docx,checked,,
YK-0003,YKC-0008,1,ヨガとヨガの実践について,1.2,ヨガの歴史と発展,アーサナ（āsana）：体の姿勢（ポーズ）,10.5ヨガ本第1章ヨガとヨガの実践について＿チェック済.docx,checked,,
YK-0030,YKC-0009,1,ヨガとヨガの実践について,1.2,ヨガの歴史と発展,プラーナーヤーマ（prāṇāyāma）：呼吸の制御による生命力の制御,10.5ヨガ本第1章ヨガとヨガの実践について＿チェック済.docx,checked,,
YK-0036,YKC-0010,1,ヨガとヨガの実践について,1.2,ヨガの歴史と発展,ヤマ（yama）：社会的な禁止事項/遵守事項や倫理的価値,10.5ヨガ本第1章ヨガとヨガの実践について＿チェック済.docx,checked,,
YK-0044,YKC-0011,1,ヨガとヨガの実践について,1.2,ヨガの歴史と発展,ヨガの歴史,10.5ヨガ本第1章ヨガとヨガの実践について＿チェック済.docx,checked,,
YK-0045,YKC-0012,1,ヨガとヨガの実践について,1.2,ヨガの歴史と発展,ヨガの歴史と発展,10.5ヨガ本第1章ヨガとヨガの実践について＿チェック済.docx,checked,,
YK-0046,YKC-0013,1,ヨガとヨガの実践について,1.2,ヨガの歴史と発展,ヨガの発展,10.5ヨガ本第1章ヨガとヨガの実践について＿チェック済.docx,checked,,
YK-0049,YKC-0014,1,ヨガとヨガの実践について,1.2,ヨガの歴史と発展,ヨガの起源,10.5ヨガ本第1章ヨガとヨガの実践について＿チェック済.docx,checked,,
YK-0055,YKC-0015,1,ヨガとヨガの実践について,1.2,ヨガの歴史と発展,ヴェーダの時代,10.5ヨガ本第1章ヨガとヨガの実践について＿チェック済.docx,checked,,
YK-0059,YKC-0016,1,ヨガとヨガの実践について,1.2,ヨガの歴史と発展,古典時代のヨガ,10.5ヨガ本第1章ヨガとヨガの実践について＿チェック済.docx,checked,,
YK-0060,YKC-0017,1,ヨガとヨガの実践について,1.2,ヨガの歴史と発展,古典時代以前のヨガ,10.5ヨガ本第1章ヨガとヨガの実践について＿チェック済.docx,checked,,
YK-0061,YKC-0018,1,ヨガとヨガの実践について,1.2,ヨガの歴史と発展,古典時代以後のヨガ,10.5ヨガ本第1章ヨガとヨガの実践について＿チェック済.docx,checked,,
YK-0038,YKC-0019,1,ヨガとヨガの実践について,1.3,ヨガ – 目的と誤解,ヨガについての誤解,10.5ヨガ本第1章ヨガとヨガの実践について＿チェック済.docx,checked,,
YK-0047,YKC-0020,1,ヨガとヨガの実践について,1.3,ヨガ、その目的と誤解,ヨガ、その目的と誤解,10.5ヨガ本第1章ヨガとヨガの実践について＿チェック済.docx,checked,,
YK-0047,YKC-0020,1,ヨガとヨガの実践について,1.3,ヨガ – 目的と誤解,ヨガ – 目的と誤解,10.5ヨガ本第1章ヨガとヨガの実践について＿チェック済.docx,checked,,
YK-0001,YKC-0021,1,ヨガとヨガの実践について,1.4,ヴェーダの教え,アタルヴァ・ヴェーダ（atharvaveda 医学を扱う）,10.5ヨガ本第1章ヨガとヨガの実践について＿チェック済.docx,checked,,
YK-0014,YKC-0022,1,ヨガとヨガの実践について,1.4,ヴェーダの教え,シルパ・ヴェーダ（śilpaveda、美術や建築）,10.5ヨガ本第1章ヨガとヨガの実践について＿チェック済.docx,checked,,
YK-0054,YKC-0023,1,ヨガとヨガの実践について,1.4,ヴェーダの教え,ヴェーダの教え,10.5ヨガ本第1章ヨガとヨガの実践について＿チェック済.docx,checked,,
YK-0006,YKC-0024,1,ヨガとヨガの実践について,1.5,ウパニシャッドの教え,ウパニシャッドの教え,10.5ヨガ本第1章ヨガとヨガの実践について＿チェック済.docx,checked,,
YK-0007,YKC-0025,1,ヨガとヨガの実践について,1.5,ウパニシャッドの教え,ウパニシャッドの神,10.5ヨガ本第1章ヨガとヨガの実践について＿チェック済.docx,checked,,
YK-0023,YKC-0026,1,ヨガとヨガの実践について,1.5,ウパニシャッドの教え,パンチャ・コーシャの理論,10.5ヨガ本第1章ヨガとヨガの実践について＿チェック済.docx,checked,,
YK-0023,YKC-0026,1,ヨガとヨガの実践について,1.8,ヨガの原則とヨガの実践,パンチャ・コーシャ,10.5ヨガ本第1章ヨガとヨガの実践について＿チェック済.docx,checked,,
YK-0023,YKC-0026,5,ウエルネスのためのヨガ：病気の予防と積極的な健康の促進,5.3,パンチャ・コーシャの概念,パンチャ・コーシャの概念,10.5ヨガ本第5章ウエルネスのためのヨガ＿チェック済.docx,checked,,
YK-0023,YKC-0026,5,ウエルネスのためのヨガ：病気の予防と積極的な健康の促進,5.3,パンチャ・コーシャの概念,パンチャ・コーシャ1,10.5ヨガ本第5章ウエルネスのためのヨガ＿チェック済.docx,checked,,
YK-0027,YKC-0027,1,ヨガとヨガの実践について,1.5,ウパニシャッドの教え,プラーナ*3,10.5ヨガ本第1章ヨガとヨガの実践について＿チェック済.docx,checked,,
YK-0002,YKC-0028,1,ヨガとヨガの実践について,1.6,シャド・ダルシャナ,アーサナ（āsana）,10.5ヨガ本第1章ヨガとヨガの実践について＿チェック済.docx,checked,,
YK-0002,YKC-0028,2,ハタ・ヨガの紹介,2.2,ハタ・ヨガのパランパラーの紹介,アーサナ,10.5ヨガ本第2章ハタ・ヨガの紹介 ＿チェック済.docx,checked,,possible_cross_chapter_duplicate
YK-0002,YKC-0028,3,パタンジャリの『ヨガ・スートラ』序説,3.8,アシュタンガ・ヨガ、その目的と意義と効果,アーサナ（座法）,10.5ヨガ本第3章パタンジャリの『ヨガ・スートラ』序説＿チェック済.docx,checked,,
YK-0002,YKC-0028,9,スーリヤ・ナマスカーラとアーサナ,9.3,アーサナ,アーサナ,10.5ヨガ本第9章スーリャナマスカーラとアーサナ直し中20171017 (修復済み).docx,review_required,,possible_cross_chapter_duplicate; practice_candidate_only; safety/adaptation review required before ai_teacher_practice; chapter9 source is review_required
YK-0011,YKC-0029,1,ヨガとヨガの実践について,1.6,シャド・ダルシャナ,サマディ（samādhi）,10.5ヨガ本第1章ヨガとヨガの実践について＿チェック済.docx,checked,,
YK-0011,YKC-0029,2,ハタ・ヨガの紹介,2.2,ハタ・ヨガのパランパラーの紹介,サマディ,10.5ヨガ本第2章ハタ・ヨガの紹介 ＿チェック済.docx,checked,,
YK-0011,YKC-0029,3,パタンジャリの『ヨガ・スートラ』序説,3.8,アシュタンガ・ヨガ、その目的と意義と効果,サマディ（精神の完全な静寂）,10.5ヨガ本第3章パタンジャリの『ヨガ・スートラ』序説＿チェック済.docx,checked,,
YK-0013,YKC-0030,1,ヨガとヨガの実践について,1.6,シャド・ダルシャナ,シャド・ダルシャナ,10.5ヨガ本第1章ヨガとヨガの実践について＿チェック済.docx,checked,,
YK-0018,YKC-0031,1,ヨガとヨガの実践について,1.6,シャド・ダルシャナ,ディヤーナ（dhyāna）,10.5ヨガ本第1章ヨガとヨガの実践について＿チェック済.docx,checked,,
YK-0018,YKC-0031,2,ハタ・ヨガの紹介,2.2,ハタ・ヨガのパランパラーの紹介,ディヤーナ,10.5ヨガ本第2章ハタ・ヨガの紹介 ＿チェック済.docx,checked,,
YK-0018,YKC-0031,3,パタンジャリの『ヨガ・スートラ』序説,3.8,アシュタンガ・ヨガ、その目的と意義と効果,ディヤーナ（瞑想法）,10.5ヨガ本第3章パタンジャリの『ヨガ・スートラ』序説＿チェック済.docx,checked,,
YK-0020,YKC-0032,1,ヨガとヨガの実践について,1.6,シャド・ダルシャナ,ニヤマ （niyama）,10.5ヨガ本第1章ヨガとヨガの実践について＿チェック済.docx,checked,,
YK-0020,YKC-0032,3,パタンジャリの『ヨガ・スートラ』序説,3.8,アシュタンガ・ヨガ、その目的と意義と効果,ニヤマ（勧戒、日課）,10.5ヨガ本第3章パタンジャリの『ヨガ・スートラ』序説＿チェック済.docx,checked,,
YK-0020,YKC-0032,3,パタンジャリの『ヨガ・スートラ』序説,3.8,アシュタンガ・ヨガ、その目的と意義と効果,ニヤマ 順守,10.5ヨガ本第3章パタンジャリの『ヨガ・スートラ』序説＿チェック済.docx,checked,,
YK-0026,YKC-0033,1,ヨガとヨガの実践について,1.6,シャド・ダルシャナ,プラクリティは、サットヴァ・グナ（sattva guṇa）、ラジョーグナまたは,10.5ヨガ本第1章ヨガとヨガの実践について＿チェック済.docx,checked,,
YK-0029,YKC-0034,1,ヨガとヨガの実践について,1.6,シャド・ダルシャナ,プラーナーヤーマ（prāṇāyāma）,10.5ヨガ本第1章ヨガとヨガの実践について＿チェック済.docx,checked,,
YK-0029,YKC-0034,2,ハタ・ヨガの紹介,2.2,ハタ・ヨガのパランパラーの紹介,プラーナーヤーマ,10.5ヨガ本第2章ハタ・ヨガの紹介 ＿チェック済.docx,checked,,
YK-0035,YKC-0035,1,ヨガとヨガの実践について,1.6,シャド・ダルシャナ,ヤマ（yama）,10.5ヨガ本第1章ヨガとヨガの実践について＿チェック済.docx,checked,,
YK-0035,YKC-0035,3,パタンジャリの『ヨガ・スートラ』序説,3.8,アシュタンガ・ヨガ、その目的と意義と効果,ヤマ 抑制,10.5ヨガ本第3章パタンジャリの『ヨガ・スートラ』序説＿チェック済.docx,checked,,
YK-0035,YKC-0035,5,ウエルネスのためのヨガ：病気の予防と積極的な健康の促進,5.6,健康な生活のためのヨガの原則,ヤマ：社会的な関係を支配する規則3,10.5ヨガ本第5章ウエルネスのためのヨガ＿チェック済.docx,checked,,
YK-0037,YKC-0036,1,ヨガとヨガの実践について,1.6,シャド・ダルシャナ,ヨガ 開祖はマハリシ・パタンジャリ,10.5ヨガ本第1章ヨガとヨガの実践について＿チェック済.docx,checked,,
YK-0057,YKC-0037,1,ヨガとヨガの実践について,1.6,シャド・ダルシャナ,ヴェーダーンタまたはウッタラ・ミーマーンサー,10.5ヨガ本第1章ヨガとヨガの実践について＿チェック済.docx,checked,,
YK-0004,YKC-0038,1,ヨガとヨガの実践について,1.7,様々なヨガの道,アートマ・ニヴェーダナム（ātma nivedanam 自己の奉納）,10.5ヨガ本第1章ヨガとヨガの実践について＿チェック済.docx,checked,,
YK-0008,YKC-0039,1,ヨガとヨガの実践について,1.7,様々なヨガの道,カルマ,10.5ヨガ本第1章ヨガとヨガの実践について＿チェック済.docx,checked,,possible_cross_chapter_duplicate
YK-0008,YKC-0039,2,ハタ・ヨガの紹介,2.13,『バガヴァッド・ギーター』,カルマ,10.5ヨガ本第2章ハタ・ヨガの紹介 ＿チェック済.docx,checked,,possible_cross_chapter_duplicate
YK-0009,YKC-0040,1,ヨガとヨガの実践について,1.7,様々なヨガの道,カルマ・シッダーンタ、カルマの教義,10.5ヨガ本第1章ヨガとヨガの実践について＿チェック済.docx,checked,,
YK-0010,YKC-0041,1,ヨガとヨガの実践について,1.7,様々なヨガの道,カルマ・ヨガ,10.5ヨガ本第1章ヨガとヨガの実践について＿チェック済.docx,checked,,possible_cross_chapter_duplicate
YK-0010,YKC-0041,2,ハタ・ヨガの紹介,2.13,『バガヴァッド・ギーター』,カルマ・ヨガ,10.5ヨガ本第2章ハタ・ヨガの紹介 ＿チェック済.docx,checked,,possible_cross_chapter_duplicate
YK-0015,YKC-0042,1,ヨガとヨガの実践について,1.7,様々なヨガの道,ジュニャーナ・ヨガ,10.5ヨガ本第1章ヨガとヨガの実践について＿チェック済.docx,checked,,possible_cross_chapter_duplicate
YK-0015,YKC-0042,2,ハタ・ヨガの紹介,2.13,『バガヴァッド・ギーター』,ジュニャーナ・ヨガ,10.5ヨガ本第2章ハタ・ヨガの紹介 ＿チェック済.docx,checked,,possible_cross_chapter_duplicate
YK-0016,YKC-0043,1,ヨガとヨガの実践について,1.7,様々なヨガの道,ジュニャーナ・ヨガの実践の諸段階,10.5ヨガ本第1章ヨガとヨガの実践について＿チェック済.docx,checked,,
YK-0019,YKC-0044,1,ヨガとヨガの実践について,1.7,様々なヨガの道,ナヴァヴィダ・バクティ,10.5ヨガ本第1章ヨガとヨガの実践について＿チェック済.docx,checked,,
YK-0021,YKC-0045,1,ヨガとヨガの実践について,1.7,様々なヨガの道,ハタ・ヨガ,10.5ヨガ本第1章ヨガとヨガの実践について＿チェック済.docx,checked,,
YK-0022,YKC-0046,1,ヨガとヨガの実践について,1.7,様々なヨガの道,バクティ・ヨガ,10.5ヨガ本第1章ヨガとヨガの実践について＿チェック済.docx,checked,,possible_cross_chapter_duplicate
YK-0022,YKC-0046,2,ハタ・ヨガの紹介,2.13,『バガヴァッド・ギーター』,バクティ・ヨガ,10.5ヨガ本第2章ハタ・ヨガの紹介 ＿チェック済.docx,checked,,possible_cross_chapter_duplicate
YK-0033,YKC-0047,1,ヨガとヨガの実践について,1.7,様々なヨガの道,マントラ・ジャパ バクティ・ヨガにおけるマントラの詠唱*6,10.5ヨガ本第1章ヨガとヨガの実践について＿チェック済.docx,checked,,
YK-0034,YKC-0048,1,ヨガとヨガの実践について,1.7,様々なヨガの道,マントラ・ヨガ,10.5ヨガ本第1章ヨガとヨガの実践について＿チェック済.docx,checked,,
YK-0043,YKC-0049,1,ヨガとヨガの実践について,1.7,ヨガの様々な道,ヨガの様々な道,10.5ヨガ本第1章ヨガとヨガの実践について＿チェック済.docx,checked,,
YK-0043,YKC-0049,1,ヨガとヨガの実践について,1.7,様々なヨガの道,様々なヨガの道,10.5ヨガ本第1章ヨガとヨガの実践について＿チェック済.docx,checked,,
YK-0053,YKC-0050,1,ヨガとヨガの実践について,1.7,様々なヨガの道,ラージャ・ヨガ,10.5ヨガ本第1章ヨガとヨガの実践について＿チェック済.docx,checked,,
YK-0056,YKC-0051,1,ヨガとヨガの実践について,1.7,様々なヨガの道,ヴェーダーンタの学生すなわち「実在」の探求者の資格,10.5ヨガ本第1章ヨガとヨガの実践について＿チェック済.docx,checked,,
YK-0062,YKC-0052,1,ヨガとヨガの実践について,1.7,様々なヨガの道,有徳で縁起のよいシュクラ・カルマ（śukra karma 白いカルマ）,10.5ヨガ本第1章ヨガとヨガの実践について＿チェック済.docx,checked,,
YK-0005,YKC-0053,1,ヨガとヨガの実践について,1.8,ヨガの原則とヨガの実践,アーナンダマヤ・コーシャ（ānandamaya kośa）、至福からなる体,10.5ヨガ本第1章ヨガとヨガの実践について＿チェック済.docx,checked,,
YK-0012,YKC-0054,1,ヨガとヨガの実践について,1.8,ヨガの原則とヨガの実践,シャッド・チャクラ,10.5ヨガ本第1章ヨガとヨガの実践について＿チェック済.docx,checked,,
YK-0017,YKC-0055,1,ヨガとヨガの実践について,1.8,ヨガの原則とヨガの実践,チャクラの位置,10.5ヨガ本第1章ヨガとヨガの実践について＿チェック済.docx,checked,,
YK-0024,YKC-0056,1,ヨガとヨガの実践について,1.8,ヨガの原則とヨガの実践,パンチャ・ブータ*8,10.5ヨガ本第1章ヨガとヨガの実践について＿チェック済.docx,checked,,
YK-0025,YKC-0057,1,ヨガとヨガの実践について,1.8,ヨガの原則とヨガの実践,パンチャ・プラーナ,10.5ヨガ本第1章ヨガとヨガの実践について＿チェック済.docx,checked,,
YK-0031,YKC-0058,1,ヨガとヨガの実践について,1.8,ヨガの原則とヨガの実践,プラーナ（prāṇa）,10.5ヨガ本第1章ヨガとヨガの実践について＿チェック済.docx,checked,,
YK-0028,YKC-0059,1,ヨガとヨガの実践について,1.8,ヨガの原則とヨガの実践,プラーナマヤ・コーシャ（prāṇamaya kośa）、エネルギーの体,10.5ヨガ本第1章ヨガとヨガの実践について＿チェック済.docx,checked,,
YK-0032,YKC-0060,1,ヨガとヨガの実践について,1.8,ヨガの原則とヨガの実践,マノーマヤ・コーシャ（manomaya kośa）、心からなる体,10.5ヨガ本第1章ヨガとヨガの実践について＿チェック済.docx,checked,,
YK-0039,YKC-0061,1,ヨガとヨガの実践について,1.8,ヨガの原則とヨガの実践,ヨガの原則とヨガの実践,10.5ヨガ本第1章ヨガとヨガの実践について＿チェック済.docx,checked,,
YK-0058,YKC-0062,1,ヨガとヨガの実践について,1.8,ヨガの原則とヨガの実践,主なチャクラ,10.5ヨガ本第1章ヨガとヨガの実践について＿チェック済.docx,checked,,
YK-0063,YKC-0063,1,ヨガとヨガの実践について,1.9,著名なグルやヨギーたちの教え,著名なグルやヨギーたちの教え,10.5ヨガ本第1章ヨガとヨガの実践について＿チェック済.docx,checked,,
YK-0090,YKC-0064,2,ハタ・ヨガの紹介,2.1,ハタ・ヨガの紹介,ハタ・ヨガの科学,10.5ヨガ本第2章ハタ・ヨガの紹介 ＿チェック済.docx,checked,,
YK-0091,YKC-0065,2,ハタ・ヨガの紹介,2.1,ハタ・ヨガの紹介,ハタ・ヨガの紹介,10.5ヨガ本第2章ハタ・ヨガの紹介 ＿チェック済.docx,checked,,
YK-0064,YKC-0066,2,ハタ・ヨガの紹介,2.10,『ハタ・ヨガ・プラディーピカー』のアーサナ、その目的と効用,『ハタ・ヨガ・プラディーピカー』のアーサナ、その目的と効用,10.5ヨガ本第2章ハタ・ヨガの紹介 ＿チェック済.docx,checked,,
YK-0100,YKC-0067,2,ハタ・ヨガの紹介,2.10,『ハタ・ヨガ・プラディーピカー』のアーサナ、その目的と効用,ヨガによる体の変化,10.5ヨガ本第2章ハタ・ヨガの紹介 ＿チェック済.docx,checked,,
YK-0066,YKC-0068,2,ハタ・ヨガの紹介,2.11,『ハタ・ヨガ・プラディーピカー』のプラーナーヤーマ,『ハタ・ヨガ・プラディーピカー』のプラーナーヤーマ,10.5ヨガ本第2章ハタ・ヨガの紹介 ＿チェック済.docx,checked,,
YK-0065,YKC-0069,2,ハタ・ヨガの紹介,2.12,『ハタ・ヨガ・プラディーピカー』のバンダ、ムドラー、ナーダーヌサンダーナ,『ハタ・ヨガ・プラディーピカー』のバンダ、ムドラー、ナーダーヌサンダーナ,10.5ヨガ本第2章ハタ・ヨガの紹介 ＿チェック済.docx,checked,,
YK-0098,YKC-0070,2,ハタ・ヨガの紹介,2.12,『ハタ・ヨガ・プラディーピカー』のバンダ、ムドラー、ナーダーヌサンダーナ,ムドラーとバンダ14,10.5ヨガ本第2章ハタ・ヨガの紹介 ＿チェック済.docx,checked,,
YK-0110,YKC-0071,2,ハタ・ヨガの紹介,2.12,『ハタ・ヨガ・プラディーピカー』のバンダ、ムドラー、ナーダーヌサンダーナ,瞑想,10.5ヨガ本第2章ハタ・ヨガの紹介 ＿チェック済.docx,checked,,
YK-0067,YKC-0072,2,ハタ・ヨガの紹介,2.13,『バガヴァッド・ギーター』,『バガヴァッド・ギーター』,10.5ヨガ本第2章ハタ・ヨガの紹介 ＿チェック済.docx,checked,,
YK-0068,YKC-0073,2,ハタ・ヨガの紹介,2.13,『バガヴァッド・ギーター』,『バガヴァッド・ギーター』によるヨガの三つの流れ,10.5ヨガ本第2章ハタ・ヨガの紹介 ＿チェック済.docx,checked,,
YK-0093,YKC-0074,2,ハタ・ヨガの紹介,2.13,『バガヴァッド・ギーター』,バクティ,10.5ヨガ本第2章ハタ・ヨガの紹介 ＿チェック済.docx,checked,,
YK-0076,YKC-0075,2,ハタ・ヨガの紹介,2.2,ハタ・ヨガのパランパラーの紹介,シャット・カルマ,10.5ヨガ本第2章ハタ・ヨガの紹介 ＿チェック済.docx,checked,,
YK-0076,YKC-0075,2,ハタ・ヨガの紹介,2.9,シャット・クリヤー、その目的と効果,シャット・カルマ（ṣatkarma 六つの行法）,10.5ヨガ本第2章ハタ・ヨガの紹介 ＿チェック済.docx,checked,,
YK-0087,YKC-0076,2,ハタ・ヨガの紹介,2.2,ハタ・ヨガのパランパラーの紹介,ハタ・ヨガのシステム3,10.5ヨガ本第2章ハタ・ヨガの紹介 ＿チェック済.docx,checked,,
YK-0089,YKC-0077,2,ハタ・ヨガの紹介,2.2,ハタ・ヨガのパランパラーの紹介,ハタ・ヨガの理論1,10.5ヨガ本第2章ハタ・ヨガの紹介 ＿チェック済.docx,checked,,
YK-0092,YKC-0078,2,ハタ・ヨガの紹介,2.2,ハタ・ヨガ・パランパラーの紹介,ハタ・ヨガ・パランパラーの紹介,10.5ヨガ本第2章ハタ・ヨガの紹介 ＿チェック済.docx,checked,,
YK-0092,YKC-0078,2,ハタ・ヨガの紹介,2.2,ハタ・ヨガのパランパラーの紹介,ハタ・ヨガのパランパラーの紹介,10.5ヨガ本第2章ハタ・ヨガの紹介 ＿チェック済.docx,checked,,
YK-0097,YKC-0079,2,ハタ・ヨガの紹介,2.2,ハタ・ヨガのパランパラーの紹介,ムドラー,10.5ヨガ本第2章ハタ・ヨガの紹介 ＿チェック済.docx,checked,,
YK-0070,YKC-0080,2,ハタ・ヨガの紹介,2.3,アーサナと運動の違い,アーサナと運動の違い,10.5ヨガ本第2章ハタ・ヨガの紹介 ＿チェック済.docx,checked,,
YK-0088,YKC-0081,2,ハタ・ヨガの紹介,2.4,ハタ・ヨガの教典の紹介,ハタ・ヨガの教典の紹介,10.5ヨガ本第2章ハタ・ヨガの紹介 ＿チェック済.docx,checked,,
YK-0085,YKC-0082,2,ハタ・ヨガの紹介,2.4,ハタ・ヨガの教典の紹介,ハタラトナヴァリー,10.5ヨガ本第2章ハタ・ヨガの紹介 ＿チェック済.docx,checked,,
YK-0073,YKC-0083,2,ハタ・ヨガの紹介,2.5,ヨガ的な食事の概念,サットヴァ・グナ,10.5ヨガ本第2章ハタ・ヨガの紹介 ＿チェック済.docx,checked,,possible_cross_chapter_duplicate
YK-0073,YKC-0083,4,人体解剖学と生理学、ヨガと健康,4.9,心理学,サットヴァ・グナ,10.5ヨガ本第4章人体解剖学と生理学、ヨガと健康＿チェック済.docx,checked,,possible_cross_chapter_duplicate
YK-0081,YKC-0084,2,ハタ・ヨガの紹介,2.5,ヨガ的な食事の概念,タマス・グナ,10.5ヨガ本第2章ハタ・ヨガの紹介 ＿チェック済.docx,checked,,possible_cross_chapter_duplicate
YK-0081,YKC-0084,4,人体解剖学と生理学、ヨガと健康,4.9,心理学,タマス・グナ,10.5ヨガ本第4章人体解剖学と生理学、ヨガと健康＿チェック済.docx,checked,,possible_cross_chapter_duplicate
YK-0083,YKC-0085,2,ハタ・ヨガの紹介,2.5,ヨガ的な食事の概念,トリグナの理論と人格心理学,10.5ヨガ本第2章ハタ・ヨガの紹介 ＿チェック済.docx,checked,,
YK-0083,YKC-0085,5,ウエルネスのためのヨガ：病気の予防と積極的な健康の促進,5.4,トリグナの概念,トリグナの概念,10.5ヨガ本第5章ウエルネスのためのヨガ＿チェック済.docx,checked,,
YK-0084,YKC-0086,2,ハタ・ヨガの紹介,2.5,ヨガ的な食事の概念,ニヤマグラハ（niyamagraha）,10.5ヨガ本第2章ハタ・ヨガの紹介 ＿チェック済.docx,checked,,
YK-0084,YKC-0086,2,ハタ・ヨガの紹介,2.6,ハタ・ヨガ、その成功と失敗,ニヤマグラハ（niyamāgraha規則への固執）,10.5ヨガ本第2章ハタ・ヨガの紹介 ＿チェック済.docx,checked,,
YK-0095,YKC-0087,2,ハタ・ヨガの紹介,2.5,ヨガ的な食事の概念,マディヤマ・アディカーリン（madhyama adhikārin）,10.5ヨガ本第2章ハタ・ヨガの紹介 ＿チェック済.docx,checked,,
YK-0101,YKC-0088,2,ハタ・ヨガの紹介,2.5,ヨガ的な食事の概念,ヨガの進歩を促す六つの要因,10.5ヨガ本第2章ハタ・ヨガの紹介 ＿チェック済.docx,checked,,
YK-0102,YKC-0089,2,ハタ・ヨガの紹介,2.5,ヨガ的な食事の概念,ヨガの進歩を妨げる六つの要因,10.5ヨガ本第2章ハタ・ヨガの紹介 ＿チェック済.docx,checked,,
YK-0104,YKC-0090,2,ハタ・ヨガの紹介,2.5,ヨガ的な食事の概念,ヨガの食事,10.5ヨガ本第2章ハタ・ヨガの紹介 ＿チェック済.docx,checked,,
YK-0105,YKC-0091,2,ハタ・ヨガの紹介,2.5,ヨガ的な食事の概念,ヨガ修行者のタイプ,10.5ヨガ本第2章ハタ・ヨガの紹介 ＿チェック済.docx,checked,,
YK-0106,YKC-0092,2,ハタ・ヨガの紹介,2.5,ヨガ的な食事の概念,ヨガ的な食事と三つのグナ,10.5ヨガ本第2章ハタ・ヨガの紹介 ＿チェック済.docx,checked,,
YK-0107,YKC-0093,2,ハタ・ヨガの紹介,2.5,ヨガ的な食事の概念,ヨガ的な食事の概念,10.5ヨガ本第2章ハタ・ヨガの紹介 ＿チェック済.docx,checked,,
YK-0108,YKC-0094,2,ハタ・ヨガの紹介,2.5,ヨガ的な食事の概念,ラジャス・グナ,10.5ヨガ本第2章ハタ・ヨガの紹介 ＿チェック済.docx,checked,,possible_cross_chapter_duplicate
YK-0108,YKC-0094,4,人体解剖学と生理学、ヨガと健康,4.9,心理学,ラジャス・グナ,10.5ヨガ本第4章人体解剖学と生理学、ヨガと健康＿チェック済.docx,checked,,possible_cross_chapter_duplicate
YK-0111,YKC-0095,2,ハタ・ヨガの紹介,2.5,ヨガ的な食事の概念,菜食のための精神的・心理的な理由,10.5ヨガ本第2章ハタ・ヨガの紹介 ＿チェック済.docx,checked,,
YK-0112,YKC-0096,2,ハタ・ヨガの紹介,2.5,ヨガ的な食事の概念,食事に適切な時間,10.5ヨガ本第2章ハタ・ヨガの紹介 ＿チェック済.docx,checked,,
YK-0113,YKC-0097,2,ハタ・ヨガの紹介,2.5,ヨガ的な食事の概念,食事の見栄え,10.5ヨガ本第2章ハタ・ヨガの紹介 ＿チェック済.docx,checked,,
YK-0075,YKC-0098,2,ハタ・ヨガの紹介,2.6,ハタ・ヨガ、その成功と失敗,サーダナにおける失敗の原因（ヨガ・ダルシャナによる）9,10.5ヨガ本第2章ハタ・ヨガの紹介 ＿チェック済.docx,checked,,
YK-0080,YKC-0099,2,ハタ・ヨガの紹介,2.6,ハタ・ヨガ、その成功と失敗,タットヴァ・ジュニャーナ（tattvajñāna 識別的知識）,10.5ヨガ本第2章ハタ・ヨガの紹介 ＿チェック済.docx,checked,,
YK-0086,YKC-0100,2,ハタ・ヨガの紹介,2.6,ハタ・ヨガ、その成功と失敗,ハタ・ヨガ、その成功と失敗,10.5ヨガ本第2章ハタ・ヨガの紹介 ＿チェック済.docx,checked,,
YK-0103,YKC-0101,2,ハタ・ヨガの紹介,2.6,ハタ・ヨガ、その成功と失敗,ヨガの道の成功の要因（サーダカ・タットヴァsādhaka tattva）,10.5ヨガ本第2章ハタ・ヨガの紹介 ＿チェック済.docx,checked,,
YK-0069,YKC-0102,2,ハタ・ヨガの紹介,2.7,チャクラの概念,アナーハタ・チャクラ（心臓のチャクラ）,10.5ヨガ本第2章ハタ・ヨガの紹介 ＿チェック済.docx,checked,,
YK-0071,YKC-0103,2,ハタ・ヨガの紹介,2.7,チャクラの概念,アージニャー・チャクラ（眉間のチャクラ）,10.5ヨガ本第2章ハタ・ヨガの紹介 ＿チェック済.docx,checked,,
YK-0074,YKC-0104,2,ハタ・ヨガの紹介,2.7,チャクラの概念,サハスラーラ・チャクラ（頭頂のチャクラ）,10.5ヨガ本第2章ハタ・ヨガの紹介 ＿チェック済.docx,checked,,
YK-0079,YKC-0105,2,ハタ・ヨガの紹介,2.7,チャクラの概念,スヴァーディシュターナ・チャクラ（仙骨のチャクラ）,10.5ヨガ本第2章ハタ・ヨガの紹介 ＿チェック済.docx,checked,,
YK-0082,YKC-0106,2,ハタ・ヨガの紹介,2.7,チャクラの概念,チャクラの概念,10.5ヨガ本第2章ハタ・ヨガの紹介 ＿チェック済.docx,checked,,
YK-0094,YKC-0107,2,ハタ・ヨガの紹介,2.7,チャクラの概念,ビンドゥ・チャクラ（ララーナ・チャクラ、マナス・チャクラ）10,10.5ヨガ本第2章ハタ・ヨガの紹介 ＿チェック済.docx,checked,,
YK-0096,YKC-0108,2,ハタ・ヨガの紹介,2.7,チャクラの概念,マニプーラ・チャクラ（太陽神経叢）,10.5ヨガ本第2章ハタ・ヨガの紹介 ＿チェック済.docx,checked,,
YK-0099,YKC-0109,2,ハタ・ヨガの紹介,2.7,チャクラの概念,ムーラーダーラ・チャクラ（根底のチャクラ）,10.5ヨガ本第2章ハタ・ヨガの紹介 ＿チェック済.docx,checked,,
YK-0109,YKC-0110,2,ハタ・ヨガの紹介,2.7,チャクラの概念,ヴィシュッダ・チャクラ（喉のチャクラ）,10.5ヨガ本第2章ハタ・ヨガの紹介 ＿チェック済.docx,checked,,
YK-0072,YKC-0111,2,ハタ・ヨガの紹介,2.8,ガタとガタ・シュッディの概念,ガタとガタ・シュッディの概念,10.5ヨガ本第2章ハタ・ヨガの紹介 ＿チェック済.docx,checked,,
YK-0077,YKC-0112,2,ハタ・ヨガの紹介,2.9,シャット・クリヤー、その目的と効果,シャット・カルマの一般的な恩恵,10.5ヨガ本第2章ハタ・ヨガの紹介 ＿チェック済.docx,checked,,
YK-0078,YKC-0113,2,ハタ・ヨガの紹介,2.9,シャット・クリヤー、その目的と効用,シャット・クリヤー、その目的と効用,10.5ヨガ本第2章ハタ・ヨガの紹介 ＿チェック済.docx,checked,,
YK-0078,YKC-0113,2,ハタ・ヨガの紹介,2.9,シャット・クリヤー、その目的と効果,シャット・クリヤー、その目的と効果,10.5ヨガ本第2章ハタ・ヨガの紹介 ＿チェック済.docx,checked,,
YK-0078,YKC-0113,8,体の関節の知識とヴィヤヤーマ,8.3,シャット・クリヤー,シャット・クリヤー,10.5ヨガ本第8章体の関節の知識とヴャヤーマチェック済み.docx,checked,,
YK-0078,YKC-0113,8,体の関節の知識とヴィヤヤーマ,8.3,シャット・クリヤー（ṣaṭkriyā 六つの浄化法）,シャット・クリヤー（ṣaṭkriyā 六つの浄化法）,10.5ヨガ本第8章体の関節の知識とヴャヤーマチェック済み.docx,checked,,
YK-0130,YKC-0114,3,パタンジャリの『ヨガ・スートラ』序説,3.1,ヨガ、その定義,パタンジャリのアシュタンガ・ヨガの目的,10.5ヨガ本第3章パタンジャリの『ヨガ・スートラ』序説＿チェック済.docx,checked,,
YK-0122,YKC-0115,3,パタンジャリの『ヨガ・スートラ』序説,3.2,チッタとチッタ・ブーミの概念,チッタとチッタ・ブーミの概念,10.5ヨガ本第3章パタンジャリの『ヨガ・スートラ』序説＿チェック済.docx,checked,,
YK-0123,YKC-0116,3,パタンジャリの『ヨガ・スートラ』序説,3.2,チッタとチッタ・ブーミの概念,チッタ・ブーミ,10.5ヨガ本第3章パタンジャリの『ヨガ・スートラ』序説＿チェック済.docx,checked,,
YK-0128,YKC-0117,3,パタンジャリの『ヨガ・スートラ』序説,3.3,チッタ・ヴリッティとチッタ・ヴリッティ・ニローダの方法,チッタ・ヴリッティとチッタ・ヴリッティ・ニローダの方法,10.5ヨガ本第3章パタンジャリの『ヨガ・スートラ』序説＿チェック済.docx,checked,,
YK-0117,YKC-0118,3,パタンジャリの『ヨガ・スートラ』序説,3.4,イーシュヴァラとイーシュヴァラ・プラニダーナの概念,イーシュヴァラとイーシュヴァラ・プラニダーナの概念,10.5ヨガ本第3章パタンジャリの『ヨガ・スートラ』序説＿チェック済.docx,checked,,
YK-0118,YKC-0119,3,パタンジャリの『ヨガ・スートラ』序説,3.4,イーシュヴァラとイーシュヴァラ・プラニダーナの概念,イーシュヴァラ・プラニダーナ,10.5ヨガ本第3章パタンジャリの『ヨガ・スートラ』序説＿チェック済.docx,checked,,possible_cross_chapter_duplicate
YK-0118,YKC-0119,5,ウエルネスのためのヨガ：病気の予防と積極的な健康の促進,5.6,健康な生活のためのヨガの原則,イーシュヴァラ・プラニダーナ,10.5ヨガ本第5章ウエルネスのためのヨガ＿チェック済.docx,checked,,possible_cross_chapter_duplicate
YK-0118,YKC-0119,6,ヨガとストレス・マネジメント,6.7,心理社会的な環境,イーシュヴァラ・プラニダーナ（īśvara-pranidhāna イーシュヴァラへの帰依）,10.5ヨガ本第6章ヨガとストレス・マネジメント＿チェック済.docx,checked,,
YK-0126,YKC-0120,3,パタンジャリの『ヨガ・スートラ』序説,3.5,チッタ・ヴィクシェーパ,チッタ・ヴィクシェーパ,10.5ヨガ本第3章パタンジャリの『ヨガ・スートラ』序説＿チェック済.docx,checked,,
YK-0129,YKC-0121,3,パタンジャリの『ヨガ・スートラ』序説,3.5,チッタ・ヴィクシェーパ,パタンジャリの『ヨガ・スートラ』I.30 vyādi-styāna-samśaya-,10.5ヨガ本第3章パタンジャリの『ヨガ・スートラ』序説＿チェック済.docx,checked,,
YK-0125,YKC-0122,3,パタンジャリの『ヨガ・スートラ』序説,3.6,チッタ・プラサーダナの概念,チッタ・プラサーダナの概念,10.5ヨガ本第3章パタンジャリの『ヨガ・スートラ』序説＿チェック済.docx,checked,,
YK-0119,YKC-0123,3,パタンジャリの『ヨガ・スートラ』序説,3.7,クレーシャ、ヨガにおけるその意義,クレーシャ、ヨガにおけるその意義,10.5ヨガ本第3章パタンジャリの『ヨガ・スートラ』序説＿チェック済.docx,checked,,
YK-0114,YKC-0124,3,パタンジャリの『ヨガ・スートラ』序説,3.8,アシュタンガ・ヨガ、その目的と意義と効果,アシュタンガ・ヨガ、その目的と意義と効果,10.5ヨガ本第3章パタンジャリの『ヨガ・スートラ』序説＿チェック済.docx,checked,,
YK-0115,YKC-0125,3,パタンジャリの『ヨガ・スートラ』序説,3.8,アシュタンガ・ヨガ、その目的と意義と効果,アステーヤ（asteya 不盗）：物質的なものだけでなく非物質的なものも盗まないこと,10.5ヨガ本第3章パタンジャリの『ヨガ・スートラ』序説＿チェック済.docx,checked,,
YK-0116,YKC-0126,3,パタンジャリの『ヨガ・スートラ』序説,3.8,アシュタンガ・ヨガ、その目的と意義と効果,アパリグラハ（aparigraha 不貪）：ものを所有したり蓄えたりしないこと,10.5ヨガ本第3章パタンジャリの『ヨガ・スートラ』序説＿チェック済.docx,checked,,
YK-0120,YKC-0127,3,パタンジャリの『ヨガ・スートラ』序説,3.8,アシュタンガ・ヨガ、その目的と意義と効果,サティヤ（satya 正直）：真実を語る、噓をつかないこと,10.5ヨガ本第3章パタンジャリの『ヨガ・スートラ』序説＿チェック済.docx,checked,,
YK-0124,YKC-0128,3,パタンジャリの『ヨガ・スートラ』序説,3.8,アシュタンガ・ヨガ、その目的と意義と効果,チッタ・ブーミ：集中という面から見た心の状態,10.5ヨガ本第3章パタンジャリの『ヨガ・スートラ』序説＿チェック済.docx,checked,,
YK-0127,YKC-0129,3,パタンジャリの『ヨガ・スートラ』序説,3.8,アシュタンガ・ヨガ、その目的と意義と効果,チッタ・ヴィクシェーパ：心の散漫。チッタ = 心の場。ヴィクシェーパ = 散漫、散乱）,10.5ヨガ本第3章パタンジャリの『ヨガ・スートラ』序説＿チェック済.docx,checked,,
YK-0121,YKC-0130,3,パタンジャリの『ヨガ・スートラ』序説,3.8,アシュタンガ・ヨガ、その目的と意義と効果,チッタ: 潜在意識的な心（心の場）,10.5ヨガ本第3章パタンジャリの『ヨガ・スートラ』序説＿チェック済.docx,checked,,
YK-0131,YKC-0131,3,パタンジャリの『ヨガ・スートラ』序説,3.8,アシュタンガ・ヨガ、その目的と意義と効果,プラティヤハーラ（感覚を内側に向けること）,10.5ヨガ本第3章パタンジャリの『ヨガ・スートラ』序説＿チェック済.docx,checked,,
YK-0138,YKC-0132,4,人体解剖学と生理学、ヨガと健康,4.1,人体の器官系,人体の器官系,10.5ヨガ本第4章人体解剖学と生理学、ヨガと健康＿チェック済.docx,checked,,
YK-0139,YKC-0133,4,人体解剖学と生理学、ヨガと健康,4.2,人体の様々な器官系の働き,人体の様々な器官系の働き,10.5ヨガ本第4章人体解剖学と生理学、ヨガと健康＿チェック済.docx,checked,,
YK-0140,YKC-0134,4,人体解剖学と生理学、ヨガと健康,4.2,人体の様々な器官系の働き,内分泌系,10.5ヨガ本第4章人体解剖学と生理学、ヨガと健康＿チェック済.docx,checked,,
YK-0141,YKC-0135,4,人体解剖学と生理学、ヨガと健康,4.2,人体の様々な器官系の働き,呼吸器系,10.5ヨガ本第4章人体解剖学と生理学、ヨガと健康＿チェック済.docx,checked,,
YK-0148,YKC-0136,4,人体解剖学と生理学、ヨガと健康,4.2,人体の様々な器官系の働き,排泄器系,10.5ヨガ本第4章人体解剖学と生理学、ヨガと健康＿チェック済.docx,checked,,
YK-0149,YKC-0137,4,人体解剖学と生理学、ヨガと健康,4.2,人体の様々な器官系の働き,消化器系,10.5ヨガ本第4章人体解剖学と生理学、ヨガと健康＿チェック済.docx,checked,,
YK-0150,YKC-0138,4,人体解剖学と生理学、ヨガと健康,4.2,人体の様々な器官系の働き,生殖器系,10.5ヨガ本第4章人体解剖学と生理学、ヨガと健康＿チェック済.docx,checked,,
YK-0151,YKC-0139,4,人体解剖学と生理学、ヨガと健康,4.2,人体の様々な器官系の働き,神経系,10.5ヨガ本第4章人体解剖学と生理学、ヨガと健康＿チェック済.docx,checked,,
YK-0152,YKC-0140,4,人体解剖学と生理学、ヨガと健康,4.2,人体の様々な器官系の働き,筋肉系,10.5ヨガ本第4章人体解剖学と生理学、ヨガと健康＿チェック済.docx,checked,,
YK-0154,YKC-0141,4,人体解剖学と生理学、ヨガと健康,4.2,人体の様々な器官系の働き,骨格系,10.5ヨガ本第4章人体解剖学と生理学、ヨガと健康＿チェック済.docx,checked,,
YK-0137,YKC-0142,4,人体解剖学と生理学、ヨガと健康,4.3,感覚器官,五感以外の感覚,10.5ヨガ本第4章人体解剖学と生理学、ヨガと健康＿チェック済.docx,checked,,
YK-0145,YKC-0143,4,人体解剖学と生理学、ヨガと健康,4.3,感覚器官,感覚器官,10.5ヨガ本第4章人体解剖学と生理学、ヨガと健康＿チェック済.docx,checked,,
YK-0146,YKC-0144,4,人体解剖学と生理学、ヨガと健康,4.4,感覚器官と神経と筋肉の協調,感覚器官と神経と筋肉の協調,10.5ヨガ本第4章人体解剖学と生理学、ヨガと健康＿チェック済.docx,checked,,
YK-0147,YKC-0145,4,人体解剖学と生理学、ヨガと健康,4.4,感覚器官の神経筋協調,感覚器官の神経筋協調,10.5ヨガ本第4章人体解剖学と生理学、ヨガと健康＿チェック済.docx,checked,,
YK-0153,YKC-0146,4,人体解剖学と生理学、ヨガと健康,4.5,運動生理学,運動生理学,10.5ヨガ本第4章人体解剖学と生理学、ヨガと健康＿チェック済.docx,checked,,
YK-0143,YKC-0147,4,人体解剖学と生理学、ヨガと健康,4.6,恒常性,恒常性,10.5ヨガ本第4章人体解剖学と生理学、ヨガと健康＿チェック済.docx,checked,,
YK-0144,YKC-0148,4,人体解剖学と生理学、ヨガと健康,4.6,恒常性,恒常性の例,10.5ヨガ本第4章人体解剖学と生理学、ヨガと健康＿チェック済.docx,checked,,
YK-0133,YKC-0149,4,人体解剖学と生理学、ヨガと健康,4.7,アーサナとその効用,アーサナとその効用,10.5ヨガ本第4章人体解剖学と生理学、ヨガと健康＿チェック済.docx,checked,,
YK-0134,YKC-0150,4,人体解剖学と生理学、ヨガと健康,4.8,ヨガ実践の限界や禁忌,パタンジャリの『ヨガ・スートラ』（1.30）,10.5ヨガ本第4章人体解剖学と生理学、ヨガと健康＿チェック済.docx,checked,,
YK-0135,YKC-0151,4,人体解剖学と生理学、ヨガと健康,4.8,ヨガ実践の限界や禁忌,ヨガ実践のアンタラーヤ（antarāya 障害）,10.5ヨガ本第4章人体解剖学と生理学、ヨガと健康＿チェック済.docx,checked,,
YK-0136,YKC-0152,4,人体解剖学と生理学、ヨガと健康,4.8,ヨガ実践の限界や禁忌,ヨガ実践の限界や禁忌,10.5ヨガ本第4章人体解剖学と生理学、ヨガと健康＿チェック済.docx,checked,,
YK-0132,YKC-0153,4,人体解剖学と生理学、ヨガと健康,4.9,心理学,『バガヴァット・ギーター』とパタンジャリの『ヨガ・スートラ』の心理学,10.5ヨガ本第4章人体解剖学と生理学、ヨガと健康＿チェック済.docx,checked,,
YK-0142,YKC-0154,4,人体解剖学と生理学、ヨガと健康,4.9,心理学,心理学,10.5ヨガ本第4章人体解剖学と生理学、ヨガと健康＿チェック済.docx,checked,,
YK-0159,YKC-0155,5,ウエルネスのためのヨガ：病気の予防と積極的な健康の促進,5.1,健康とウエルネス,ウエルネス,10.5ヨガ本第5章ウエルネスのためのヨガ＿チェック済.docx,checked,,
YK-0172,YKC-0156,5,ウエルネスのためのヨガ：病気の予防と積極的な健康の促進,5.1,健康とウエルネス,健康とウエルネス,10.5ヨガ本第5章ウエルネスのためのヨガ＿チェック済.docx,checked,,
YK-0173,YKC-0157,5,ウエルネスのためのヨガ：病気の予防と積極的な健康の促進,5.1,健康とウエルネス,健康とウエルネスにおけるヨガの役割,10.5ヨガ本第5章ウエルネスのためのヨガ＿チェック済.docx,checked,,
YK-0178,YKC-0158,5,ウエルネスのためのヨガ：病気の予防と積極的な健康の促進,5.1,健康とウエルネス,心の健康,10.5ヨガ本第5章ウエルネスのためのヨガ＿チェック済.docx,checked,,
YK-0181,YKC-0159,5,ウエルネスのためのヨガ：病気の予防と積極的な健康の促進,5.1,健康とウエルネス,関節の可動性,10.5ヨガ本第5章ウエルネスのためのヨガ＿チェック済.docx,checked,,
YK-0160,YKC-0160,5,ウエルネスのためのヨガ：病気の予防と積極的な健康の促進,5.2,健康と病気のヨガ的概念,サットヴァ・グナを育てる,10.5ヨガ本第5章ウエルネスのためのヨガ＿チェック済.docx,checked,,
YK-0168,YKC-0161,5,ウエルネスのためのヨガ：病気の予防と積極的な健康の促進,5.2,健康と病気のヨガ的概念,ヨガによる体の健康の性質,10.5ヨガ本第5章ウエルネスのためのヨガ＿チェック済.docx,checked,,
YK-0169,YKC-0162,5,ウエルネスのためのヨガ：病気の予防と積極的な健康の促進,5.2,健康と病気のヨガ的概念,ヨガによる心の健康の性質,10.5ヨガ本第5章ウエルネスのためのヨガ＿チェック済.docx,checked,,
YK-0170,YKC-0163,5,ウエルネスのためのヨガ：病気の予防と積極的な健康の促進,5.2,健康と病気のヨガ的概念,ヨガによる精神的な健康の性質,10.5ヨガ本第5章ウエルネスのためのヨガ＿チェック済.docx,checked,,
YK-0171,YKC-0164,5,ウエルネスのためのヨガ：病気の予防と積極的な健康の促進,5.2,健康と病気のヨガ的概念,ヨガ的な健康の概念,10.5ヨガ本第5章ウエルネスのためのヨガ＿チェック済.docx,checked,,
YK-0174,YKC-0165,5,ウエルネスのためのヨガ：病気の予防と積極的な健康の促進,5.2,健康と病気のヨガ的概念,健康と病気のヨガ的概念,10.5ヨガ本第5章ウエルネスのためのヨガ＿チェック済.docx,checked,,
YK-0177,YKC-0166,5,ウエルネスのためのヨガ：病気の予防と積極的な健康の促進,5.2,健康と病気のヨガ的概念,健康な生活のヨガ的概念,10.5ヨガ本第5章ウエルネスのためのヨガ＿チェック済.docx,checked,,
YK-0179,YKC-0167,5,ウエルネスのためのヨガ：病気の予防と積極的な健康の促進,5.2,健康と病気のヨガ的概念,病気のヨガ的な概念,10.5ヨガ本第5章ウエルネスのためのヨガ＿チェック済.docx,checked,,
YK-0180,YKC-0168,5,ウエルネスのためのヨガ：病気の予防と積極的な健康の促進,5.2,健康と病気のヨガ的概念,病気の発生,10.5ヨガ本第5章ウエルネスのためのヨガ＿チェック済.docx,checked,,
YK-0166,YKC-0169,5,ウエルネスのためのヨガ：病気の予防と積極的な健康の促進,5.5,パンチャ・マハーブータの概念,パンチャ・マハーブータの概念,10.5ヨガ本第5章ウエルネスのためのヨガ＿チェック済.docx,checked,,
YK-0166,YKC-0169,5,ウエルネスのためのヨガ：病気の予防と積極的な健康の促進,5.5,パンチャ・マハーブータの概念2,パンチャ・マハーブータの概念2,10.5ヨガ本第5章ウエルネスのためのヨガ＿チェック済.docx,checked,,
YK-0156,YKC-0170,5,ウエルネスのためのヨガ：病気の予防と積極的な健康の促進,5.6,健康な生活のためのヨガの原則,アステーヤ（盗むのをやめること）,10.5ヨガ本第5章ウエルネスのためのヨガ＿チェック済.docx,checked,,
YK-0156,YKC-0170,6,ヨガとストレス・マネジメント,6.7,心理社会的な環境,アステーヤ（asteya 不盗）,10.5ヨガ本第6章ヨガとストレス・マネジメント＿チェック済.docx,checked,,
YK-0157,YKC-0171,5,ウエルネスのためのヨガ：病気の予防と積極的な健康の促進,5.6,健康な生活のためのヨガの原則,アパリグラハ,10.5ヨガ本第5章ウエルネスのためのヨガ＿チェック済.docx,checked,,
YK-0157,YKC-0171,6,ヨガとストレス・マネジメント,6.7,心理社会的な環境,アパリグラハ（aparigraha 不貪）,10.5ヨガ本第6章ヨガとストレス・マネジメント＿チェック済.docx,checked,,
YK-0158,YKC-0172,5,ウエルネスのためのヨガ：病気の予防と積極的な健康の促進,5.6,健康な生活のためのヨガの原則,アヒンサー（非暴力、他者を傷つけない）,10.5ヨガ本第5章ウエルネスのためのヨガ＿チェック済.docx,checked,,
YK-0158,YKC-0172,6,ヨガとストレス・マネジメント,6.7,心理社会的な環境,アヒンサー（ahimsā 非暴力）,10.5ヨガ本第6章ヨガとストレス・マネジメント＿チェック済.docx,checked,,
YK-0161,YKC-0173,5,ウエルネスのためのヨガ：病気の予防と積極的な健康の促進,5.6,健康な生活のためのヨガの原則,サティヤ（真理）,10.5ヨガ本第5章ウエルネスのためのヨガ＿チェック済.docx,checked,,
YK-0161,YKC-0173,6,ヨガとストレス・マネジメント,6.7,心理社会的な環境,サティヤ（satya 真実）,10.5ヨガ本第6章ヨガとストレス・マネジメント＿チェック済.docx,checked,,
YK-0162,YKC-0174,5,ウエルネスのためのヨガ：病気の予防と積極的な健康の促進,5.6,健康な生活のためのヨガの原則,サントーシャ（満足）,10.5ヨガ本第5章ウエルネスのためのヨガ＿チェック済.docx,checked,,
YK-0162,YKC-0174,6,ヨガとストレス・マネジメント,6.7,心理社会的な環境,サントーシャ（santośa 満足）,10.5ヨガ本第6章ヨガとストレス・マネジメント＿チェック済.docx,checked,,
YK-0163,YKC-0175,5,ウエルネスのためのヨガ：病気の予防と積極的な健康の促進,5.6,健康な生活のためのヨガの原則,シャウチャ（浄化）,10.5ヨガ本第5章ウエルネスのためのヨガ＿チェック済.docx,checked,,
YK-0163,YKC-0175,6,ヨガとストレス・マネジメント,6.7,心理社会的な環境,シャウチャ（śauca 清浄）,10.5ヨガ本第6章ヨガとストレス・マネジメント＿チェック済.docx,checked,,
YK-0164,YKC-0176,5,ウエルネスのためのヨガ：病気の予防と積極的な健康の促進,5.6,健康な生活のためのヨガの原則,スヴァディアーヤ,10.5ヨガ本第5章ウエルネスのためのヨガ＿チェック済.docx,checked,,
YK-0165,YKC-0177,5,ウエルネスのためのヨガ：病気の予防と積極的な健康の促進,5.6,健康な生活のためのヨガの原則,タパス（苦行）,10.5ヨガ本第5章ウエルネスのためのヨガ＿チェック済.docx,checked,,
YK-0165,YKC-0177,6,ヨガとストレス・マネジメント,6.7,心理社会的な環境,タパス（tapas 苦行）,10.5ヨガ本第6章ヨガとストレス・マネジメント＿チェック済.docx,checked,,
YK-0167,YKC-0178,5,ウエルネスのためのヨガ：病気の予防と積極的な健康の促進,5.6,健康な生活のためのヨガの原則,ブラフマチャリヤ（独身）,10.5ヨガ本第5章ウエルネスのためのヨガ＿チェック済.docx,checked,,
YK-0167,YKC-0178,6,ヨガとストレス・マネジメント,6.7,心理社会的な環境,ブラフマチャリヤ（brahmacarya 独身）,10.5ヨガ本第6章ヨガとストレス・マネジメント＿チェック済.docx,checked,,
YK-0155,YKC-0179,5,ウエルネスのためのヨガ：病気の予防と積極的な健康の促進,5.6,健康な生活のためのヨガの原則,『ヨガ・スートラ』2.30,10.5ヨガ本第5章ウエルネスのためのヨガ＿チェック済.docx,checked,,
YK-0155,YKC-0179,5,ウエルネスのためのヨガ：病気の予防と積極的な健康の促進,5.6,健康な生活のためのヨガの原則,『ヨガ・スートラ』2.32,10.5ヨガ本第5章ウエルネスのためのヨガ＿チェック済.docx,checked,,
YK-0175,YKC-0180,5,ウエルネスのためのヨガ：病気の予防と積極的な健康の促進,5.6,健康な生活のためのヨガの原則,健康な生活のためのヨガの原則,10.5ヨガ本第5章ウエルネスのためのヨガ＿チェック済.docx,checked,,
YK-0176,YKC-0181,5,ウエルネスのためのヨガ：病気の予防と積極的な健康の促進,5.6,健康な生活のためのヨガ的原則,健康な生活のためのヨガ的原則,10.5ヨガ本第5章ウエルネスのためのヨガ＿チェック済.docx,checked,,
YK-0188,YKC-0182,6,ヨガとストレス・マネジメント,6.1,人間の心,ヨガとその現代的な概念,10.5ヨガ本第6章ヨガとストレス・マネジメント＿チェック済.docx,checked,,
YK-0190,YKC-0183,6,ヨガとストレス・マネジメント,6.1,人間の心,人間の心,10.5ヨガ本第6章ヨガとストレス・マネジメント＿チェック済.docx,checked,,
YK-0192,YKC-0184,6,ヨガとストレス・マネジメント,6.1,人間の心,心理的なプロセス,10.5ヨガ本第6章ヨガとストレス・マネジメント＿チェック済.docx,checked,,
YK-0194,YKC-0185,6,ヨガとストレス・マネジメント,6.2,欲求不満、葛藤、心身症,心身症,10.5ヨガ本第6章ヨガとストレス・マネジメント＿チェック済.docx,checked,,
YK-0195,YKC-0186,6,ヨガとストレス・マネジメント,6.2,欲求不満、葛藤、心身症,欲求不満と葛藤,10.5ヨガ本第6章ヨガとストレス・マネジメント＿チェック済.docx,checked,,
YK-0196,YKC-0187,6,ヨガとストレス・マネジメント,6.2,欲求不満、葛藤、心身症,欲求不満、葛藤、心身症,10.5ヨガ本第6章ヨガとストレス・マネジメント＿チェック済.docx,checked,,
YK-0191,YKC-0188,6,ヨガとストレス・マネジメント,6.3,心と体の関係,心と体の関係,10.5ヨガ本第6章ヨガとストレス・マネジメント＿チェック済.docx,checked,,
YK-0191,YKC-0188,6,ヨガとストレス・マネジメント,6.3,心と体の間の関係,心と体の間の関係,10.5ヨガ本第6章ヨガとストレス・マネジメント＿チェック済.docx,checked,,
YK-0197,YKC-0189,6,ヨガとストレス・マネジメント,6.4,精神衛生におけるヨガの役割,精神衛生におけるヨガの役割,10.5ヨガ本第6章ヨガとストレス・マネジメント＿チェック済.docx,checked,,
YK-0199,YKC-0190,6,ヨガとストレス・マネジメント,6.5,精神衛生：ヨガ的展望,精神衛生：ヨガ的展望,10.5ヨガ本第6章ヨガとストレス・マネジメント＿チェック済.docx,checked,,
YK-0199,YKC-0190,6,ヨガとストレス・マネジメント,6.5,メンタルヘルス：ヨガ的展望,メンタルヘルス：ヨガ的展望,10.5ヨガ本第6章ヨガとストレス・マネジメント＿チェック済.docx,checked,,
YK-0198,YKC-0191,6,ヨガとストレス・マネジメント,6.6,精神衛生のための祈りと瞑想,精神衛生のための祈りと瞑想,10.5ヨガ本第6章ヨガとストレス・マネジメント＿チェック済.docx,checked,,
YK-0198,YKC-0191,6,ヨガとストレス・マネジメント,6.6,メンタルヘルスのための祈りと瞑想,メンタルヘルスのための祈りと瞑想,10.5ヨガ本第6章ヨガとストレス・マネジメント＿チェック済.docx,checked,,
YK-0186,YKC-0192,6,ヨガとストレス・マネジメント,6.7,心理社会的な環境,メンタルヘルス（ヤマとニヤマ）の重要性,10.5ヨガ本第6章ヨガとストレス・マネジメント＿チェック済.docx,checked,,
YK-0193,YKC-0193,6,ヨガとストレス・マネジメント,6.7,心理社会的な環境,心理社会的な環境,10.5ヨガ本第6章ヨガとストレス・マネジメント＿チェック済.docx,checked,,
YK-0182,YKC-0194,6,ヨガとストレス・マネジメント,6.8,ストレスの概念：現代的な見方,ストレスの定義,10.5ヨガ本第6章ヨガとストレス・マネジメント＿チェック済.docx,checked,,
YK-0183,YKC-0195,6,ヨガとストレス・マネジメント,6.8,ストレスの概念 – 現代的な見方,ストレスの概念 – 現代的な見方,10.5ヨガ本第6章ヨガとストレス・マネジメント＿チェック済.docx,checked,,
YK-0183,YKC-0195,6,ヨガとストレス・マネジメント,6.8,ストレスの概念：現代的な見方,ストレスの概念：現代的な見方,10.5ヨガ本第6章ヨガとストレス・マネジメント＿チェック済.docx,checked,,
YK-0187,YKC-0196,6,ヨガとストレス・マネジメント,6.8,ストレスの概念：現代的な見方,ヨガから見たストレス,10.5ヨガ本第6章ヨガとストレス・マネジメント＿チェック済.docx,checked,,
YK-0184,YKC-0197,6,ヨガとストレス・マネジメント,6.9,ヨガの役割：ストレスとライフスタイル・マネジメント,ストレス軽減のためのヨガ,10.5ヨガ本第6章ヨガとストレス・マネジメント＿チェック済.docx,checked,,
YK-0185,YKC-0198,6,ヨガとストレス・マネジメント,6.9,ヨガの役割：ストレスとライフスタイル・マネジメント,セートゥ・バンダーサナ（setu bandhāsana 橋のポーズ）,10.5ヨガ本第6章ヨガとストレス・マネジメント＿チェック済.docx,checked,,
YK-0189,YKC-0199,6,ヨガとストレス・マネジメント,6.9,ヨガの役割 – ストレスとライフスタイル・マネジメント,ヨガの役割 – ストレスとライフスタイル・マネジメント,10.5ヨガ本第6章ヨガとストレス・マネジメント＿チェック済.docx,checked,,
YK-0189,YKC-0199,6,ヨガとストレス・マネジメント,6.9,ヨガの役割：ストレスとライフスタイル・マネジメント,ヨガの役割：ストレスとライフスタイル・マネジメント,10.5ヨガ本第6章ヨガとストレス・マネジメント＿チェック済.docx,checked,,
YK-0201,YKC-0200,7,コミュニケーションの構造,7.1,コミュニケーション・スキル,コミュニケーション・スキル,10.5ヨガ本第7章コミュニケーションの構造＿チェック済.docx,checked,,
YK-0214,YKC-0201,7,コミュニケーションの構造,7.10,動機付けと継続のためのテクニック,動機付けと継続のためのテクニック,10.5ヨガ本第7章コミュニケーションの構造＿チェック済.docx,checked,,
YK-0215,YKC-0202,7,コミュニケーションの構造,7.10,動機付けと継続のテクニック,動機付けと継続のテクニック,10.5ヨガ本第7章コミュニケーションの構造＿チェック済.docx,checked,,
YK-0226,YKC-0203,7,コミュニケーションの構造,7.1,コミュニケーション・スキル,生徒の名前を使う,10.5ヨガ本第7章コミュニケーションの構造＿チェック済.docx,checked,,
YK-0228,YKC-0204,7,コミュニケーションの構造,7.1,コミュニケーション・スキル,言葉によるコミュニケーションの技術,10.5ヨガ本第7章コミュニケーションの構造＿チェック済.docx,checked,,
YK-0205,YKC-0205,7,コミュニケーションの構造,7.2,ヨガクラスの環境：望ましいこと、望ましくないこと,ヨガクラスの環境：望ましいこと、望ましくないこと,10.5ヨガ本第7章コミュニケーションの構造＿チェック済.docx,checked,,
YK-0205,YKC-0205,7,コミュニケーションの構造,7.2,ヨガクラスの環境：望ましいことと望ましくないこと,ヨガクラスの環境：望ましいことと望ましくないこと,10.5ヨガ本第7章コミュニケーションの構造＿チェック済.docx,checked,,
YK-0203,YKC-0206,7,コミュニケーションの構造,7.3,ヨガの教師の仕事,ヨガの教師の仕事,10.5ヨガ本第7章コミュニケーションの構造＿チェック済.docx,checked,,
YK-0210,YKC-0207,7,コミュニケーションの構造,7.3,ヨガ教師の仕事と特質,ヨガ教師の仕事と特質,10.5ヨガ本第7章コミュニケーションの構造＿チェック済.docx,checked,,
YK-0212,YKC-0208,7,コミュニケーションの構造,7.4,効果的な教え方,効果的な教え方,10.5ヨガ本第7章コミュニケーションの構造＿チェック済.docx,checked,,
YK-0213,YKC-0209,7,コミュニケーションの構造,7.4,効果的な教授スキル,効果的な教授スキル,10.5ヨガ本第7章コミュニケーションの構造＿チェック済.docx,checked,,
YK-0222,YKC-0210,7,コミュニケーションの構造,7.4,効果的な教授スキル,教師の役割,10.5ヨガ本第7章コミュニケーションの構造＿チェック済.docx,checked,,
YK-0200,YKC-0211,7,コミュニケーションの構造,7.5,クラスを教えるときの一般的な指針,クラスを教えるときの一般的な指針,10.5ヨガ本第7章コミュニケーションの構造＿チェック済.docx,checked,,
YK-0202,YKC-0212,7,コミュニケーションの構造,7.5,クラスを教えるときの一般的な指針,ペース,10.5ヨガ本第7章コミュニケーションの構造＿チェック済.docx,checked,,
YK-0209,YKC-0213,7,コミュニケーションの構造,7.5,クラスを教えるときの一般的な指針,声,10.5ヨガ本第7章コミュニケーションの構造＿チェック済.docx,checked,,
YK-0217,YKC-0214,7,コミュニケーションの構造,7.5,クラスを教えるときの一般的な指針,大きい部屋,10.5ヨガ本第7章コミュニケーションの構造＿チェック済.docx,checked,,
YK-0219,YKC-0215,7,コミュニケーションの構造,7.5,クラスを教えるときの一般的な指針,小さい部屋,10.5ヨガ本第7章コミュニケーションの構造＿チェック済.docx,checked,,
YK-0208,YKC-0216,7,コミュニケーションの構造,7.6,ヨガコースのスケジュール,ヨガコースのスケジュール,10.5ヨガ本第7章コミュニケーションの構造＿チェック済.docx,checked,,
YK-0204,YKC-0217,7,コミュニケーションの構造,7.7,ヨガの練習の教え方,ヨガの練習の教え方,10.5ヨガ本第7章コミュニケーションの構造＿チェック済.docx,checked,,
YK-0216,YKC-0218,7,コミュニケーションの構造,7.7,ヨガの練習の教え方,呼吸を数えながらの実演,10.5ヨガ本第7章コミュニケーションの構造＿チェック済.docx,checked,,
YK-0218,YKC-0219,7,コミュニケーションの構造,7.7,ヨガの練習の教え方,実演（デモンストレーション）,10.5ヨガ本第7章コミュニケーションの構造＿チェック済.docx,checked,,
YK-0229,YKC-0220,7,コミュニケーションの構造,7.7,ヨガの練習の教え方,質疑応答のセッション,10.5ヨガ本第7章コミュニケーションの構造＿チェック済.docx,checked,,
YK-0232,YKC-0221,7,コミュニケーションの構造,7.7,ヨガの練習の教え方,静かな実演,10.5ヨガ本第7章コミュニケーションの構造＿チェック済.docx,checked,,
YK-0206,YKC-0222,7,コミュニケーションの構造,7.8,ヨガクラスの管理運営,ヨガクラスの管理運営,10.5ヨガ本第7章コミュニケーションの構造＿チェック済.docx,checked,,
YK-0207,YKC-0223,7,コミュニケーションの構造,7.8,ヨガクラスの運営,ヨガクラスの運営,10.5ヨガ本第7章コミュニケーションの構造＿チェック済.docx,checked,,
YK-0211,YKC-0224,7,コミュニケーションの構造,7.8,ヨガクラスの運営,レッスンプラン,10.5ヨガ本第7章コミュニケーションの構造＿チェック済.docx,checked,,
YK-0224,YKC-0225,7,コミュニケーションの構造,7.8,ヨガクラスの運営,生徒たちを怪我から守る,10.5ヨガ本第7章コミュニケーションの構造＿チェック済.docx,checked,,
YK-0225,YKC-0226,7,コミュニケーションの構造,7.8,ヨガクラスの運営,生徒のための日々の日課を準備する,10.5ヨガ本第7章コミュニケーションの構造＿チェック済.docx,checked,,
YK-0220,YKC-0227,7,コミュニケーションの構造,7.9,教授テクニック,接触,10.5ヨガ本第7章コミュニケーションの構造＿チェック済.docx,checked,,
YK-0221,YKC-0228,7,コミュニケーションの構造,7.9,教授テクニック,接触の種類,10.5ヨガ本第7章コミュニケーションの構造＿チェック済.docx,checked,,
YK-0223,YKC-0229,7,コミュニケーションの構造,7.9,教授テクニック,教授テクニック,10.5ヨガ本第7章コミュニケーションの構造＿チェック済.docx,checked,,
YK-0227,YKC-0230,7,コミュニケーションの構造,7.9,教授テクニック,観察,10.5ヨガ本第7章コミュニケーションの構造＿チェック済.docx,checked,,
YK-0230,YKC-0231,7,コミュニケーションの構造,7.9,教授テクニック,適切でない接触,10.5ヨガ本第7章コミュニケーションの構造＿チェック済.docx,checked,,
YK-0231,YKC-0232,7,コミュニケーションの構造,7.9,教授テクニック,適切な接触,10.5ヨガ本第7章コミュニケーションの構造＿チェック済.docx,checked,,
YK-0241,YKC-0233,8,体の関節の知識とヴィヤヤーマ,8.1,主要関節の動き,主要関節の動き,10.5ヨガ本第8章体の関節の知識とヴャヤーマチェック済み.docx,checked,,
YK-0242,YKC-0234,8,体の関節の知識とヴィヤヤーマ,8.1,要所の関節の動き,体幹関節,10.5ヨガ本第8章体の関節の知識とヴャヤーマチェック済み.docx,checked,,
YK-0243,YKC-0236,8,体の関節の知識とヴィヤヤーマ,8.1,要所の関節の動き,肩関節,10.5ヨガ本第8章体の関節の知識とヴャヤーマチェック済み.docx,checked,,
YK-0244,YKC-0237,8,体の関節の知識とヴィヤヤーマ,8.1,要所の関節の動き,膝関節,10.5ヨガ本第8章体の関節の知識とヴャヤーマチェック済み.docx,checked,,
YK-0245,YKC-0238,8,体の関節の知識とヴィヤヤーマ,8.1,要所の関節の動き,要所の関節の動き,10.5ヨガ本第8章体の関節の知識とヴャヤーマチェック済み.docx,checked,,
YK-0246,YKC-0239,8,体の関節の知識とヴィヤヤーマ,8.1,要所の関節の動き,距骨（きょこつ）,10.5ヨガ本第8章体の関節の知識とヴャヤーマチェック済み.docx,checked,,
YK-0247,YKC-0240,8,体の関節の知識とヴィヤヤーマ,8.1,要所の関節の動き,関節と靭帯,10.5ヨガ本第8章体の関節の知識とヴャヤーマチェック済み.docx,checked,,
YK-0250,YKC-0241,8,体の関節の知識とヴィヤヤーマ,8.1,要所の関節の動き,首（頚）の関節,10.5ヨガ本第8章体の関節の知識とヴャヤーマチェック済み.docx,checked,,
YK-0251,YKC-0242,8,体の関節の知識とヴィヤヤーマ,8.1,要所の関節の動き,骨 Ｐ２０４,10.5ヨガ本第8章体の関節の知識とヴャヤーマチェック済み.docx,checked,,
YK-0235,YKC-0243,8,体の関節の知識とヴィヤヤーマ,8.2,スークシュマ・ヴヤヤーマ,スークシュマ・ヴヤヤーマ,10.5ヨガ本第8章体の関節の知識とヴャヤーマチェック済み.docx,checked,,
YK-0235,YKC-0243,8,体の関節の知識とヴィヤヤーマ,8.2,スークシュマ・ヴャヤヤーマ（sūkṣma-vyayāma）,スークシュマ・ヴャヤヤーマ（sūkṣma-vyayāma）,10.5ヨガ本第8章体の関節の知識とヴャヤーマチェック済み.docx,checked,,
YK-0249,YKC-0245,8,体の関節の知識とヴィヤヤーマ,8.2,スークシュマ・ヴャヤヤーマ（sūkṣma-vyayāma）,頭からつま先までのスークシュマ・ヴャヤヤーマ,10.5ヨガ本第8章体の関節の知識とヴャヤーマチェック済み.docx,checked,,
YK-0233,YKC-0246,8,体の関節の知識とヴィヤヤーマ,8.3,シャット・クリヤー（ṣaṭkriyā 六つの浄化法）,カパーラバーティ（kapāla-bhāti）,10.5ヨガ本第8章体の関節の知識とヴャヤーマチェック済み.docx,checked,,
YK-0233,YKC-0246,8,体の関節の知識とヴィヤヤーマ,8.3,シャット・クリヤー（ṣaṭkriyā 六つの浄化法）,カパーラバーティ（kapāla-bhāti 頭部/粘液浄化）,10.5ヨガ本第8章体の関節の知識とヴャヤーマチェック済み.docx,checked,,
YK-0234,YKC-0247,8,体の関節の知識とヴィヤヤーマ,8.3,シャット・クリヤー（ṣaṭkriyā 六つの浄化法）,シャット・クリヤー：体の強化と健康のために意図されたハタ・ヨガの6つの浄化法,10.5ヨガ本第8章体の関節の知識とヴャヤーマチェック済み.docx,checked,,
YK-0236,YKC-0248,8,体の関節の知識とヴィヤヤーマ,8.3,シャット・クリヤー（ṣaṭkriyā 六つの浄化法）,ダウティ／クンジャラ（dhauti / kunjala-kriyā 洗浄法/嘔吐法）,10.5ヨガ本第8章体の関節の知識とヴャヤーマチェック済み.docx,checked,,
YK-0237,YKC-0249,8,体の関節の知識とヴィヤヤーマ,8.3,シャット・クリヤー（ṣaṭkriyā 六つの浄化法）,トラータカ（trāṭaka 眼の浄化法）,10.5ヨガ本第8章体の関節の知識とヴャヤーマチェック済み.docx,checked,,
YK-0238,YKC-0250,8,体の関節の知識とヴィヤヤーマ,8.3,シャット・クリヤー（ṣaṭkriyā 六つの浄化法）,ナウリ（nauli 腹部運動）,10.5ヨガ本第8章体の関節の知識とヴャヤーマチェック済み.docx,checked,,
YK-0239,YKC-0251,8,体の関節の知識とヴィヤヤーマ,8.3,シャット・クリヤー（ṣaṭkriyā 六つの浄化法）,ネティ（neti 鼻腔の浄化法）,10.5ヨガ本第8章体の関節の知識とヴャヤーマチェック済み.docx,checked,,
YK-0240,YKC-0252,8,体の関節の知識とヴィヤヤーマ,8.3,シャット・クリヤー（ṣaṭkriyā 六つの浄化法）,バスティ（vasti 浣腸法）,10.5ヨガ本第8章体の関節の知識とヴャヤーマチェック済み.docx,checked,,
YK-0248,YKC-0253,8,体の関節の知識とヴィヤヤーマ,8.3,シャット・クリヤー（ṣaṭkriyā 六つの浄化法）,靭帯：骨と隣接する骨をつなぐ結合組織の束,10.5ヨガ本第8章体の関節の知識とヴャヤーマチェック済み.docx,checked,,
YK-0263,YKC-0254,9,スーリヤ・ナマスカーラとアーサナ,9.1,スーリヤ・ナマスカーラ（太陽礼拝）について,スーリヤ・ナマスカーラ（太陽礼拝）について,10.5ヨガ本第9章スーリャナマスカーラとアーサナ直し中20171017 (修復済み).docx,review_required,,chapter9 source is review_required
YK-0263,YKC-0254,9,スーリヤ・ナマスカーラとアーサナ,9.1,スーリヤ・ナマスカーラ（太陽礼拝）序論,スーリヤ・ナマスカーラ（太陽礼拝）序論,10.5ヨガ本第9章スーリャナマスカーラとアーサナ直し中20171017 (修復済み).docx,review_required,,chapter9 source is review_required
YK-0262,YKC-0256,9,スーリヤ・ナマスカーラとアーサナ,9.2,スーリヤ・ナマスカーラのテクニック,スーリヤ・ナマスカーラのテクニック,10.5ヨガ本第9章スーリャナマスカーラとアーサナ直し中20171017 (修復済み).docx,review_required,,chapter9 source is review_required
YK-0262,YKC-0256,9,スーリヤ・ナマスカーラとアーサナ,9.2,スーリヤ・ナマスカーラ実践のテクニック,スーリヤ・ナマスカーラ実践のテクニック,10.5ヨガ本第9章スーリャナマスカーラとアーサナ直し中20171017 (修復済み).docx,review_required,,chapter9 source is review_required
YK-0280,YKC-0258,9,スーリヤ・ナマスカーラとアーサナ,9.2,スーリヤ・ナマスカーラ実践のテクニック,太陽への祈り,10.5ヨガ本第9章スーリャナマスカーラとアーサナ直し中20171017 (修復済み).docx,review_required,,chapter9 source is review_required
YK-0256,YKC-0259,9,スーリヤ・ナマスカーラとアーサナ,9.3,アーサナ,ガルーダアーサナ（garuḍāsana 鷲のポーズ）,10.5ヨガ本第9章スーリャナマスカーラとアーサナ直し中20171017 (修復済み).docx,review_required,,practice_candidate_only; safety/adaptation review required before ai_teacher_practice; chapter9 source is review_required
YK-0276,YKC-0261,9,スーリヤ・ナマスカーラとアーサナ,9.4,ヨガにおける五つの背骨の動き,ヨガにおける五つの背骨の動き,10.5ヨガ本第9章スーリャナマスカーラとアーサナ直し中20171017 (修復済み).docx,review_required,,chapter9 source is review_required
YK-0278,YKC-0262,9,スーリヤ・ナマスカーラとアーサナ,9.4,ヨガにおける五つの背骨の動き,側方屈曲（側屈）,10.5ヨガ本第9章スーリャナマスカーラとアーサナ直し中20171017 (修復済み).docx,review_required,,chapter9 source is review_required
YK-0279,YKC-0263,9,スーリヤ・ナマスカーラとアーサナ,9.4,ヨガにおける五つの背骨の動き,反り（後屈）,10.5ヨガ本第9章スーリャナマスカーラとアーサナ直し中20171017 (修復済み).docx,review_required,,chapter9 source is review_required
YK-0281,YKC-0264,9,スーリヤ・ナマスカーラとアーサナ,9.4,ヨガにおける五つの背骨の動き,屈曲 （前屈）,10.5ヨガ本第9章スーリャナマスカーラとアーサナ直し中20171017 (修復済み).docx,review_required,,chapter9 source is review_required
YK-0282,YKC-0265,9,スーリヤ・ナマスカーラとアーサナ,9.4,ヨガにおける五つの背骨の動き,軸伸張,10.5ヨガ本第9章スーリャナマスカーラとアーサナ直し中20171017 (修復済み).docx,review_required,,chapter9 source is review_required
YK-0283,YKC-0266,9,スーリヤ・ナマスカーラとアーサナ,9.4,ヨガにおける五つの背骨の動き,軸回転（ねじり）,10.5ヨガ本第9章スーリャナマスカーラとアーサナ直し中20171017 (修復済み).docx,review_required,,chapter9 source is review_required
YK-0287,YKC-0267,10,瞑想とプラーナーヤーマ（呼吸法）,10.1,プラーナーヤーマ（呼吸法）への導入,ウジャーイー・プラーナーヤーマ（ujjāyī-prāṇāyāma）,10.5ヨガ本第10章 瞑想とプラーナーヤーマ_チェック済.docx,checked,,practice_candidate_only; safety/adaptation review required before ai_teacher_practice
YK-0290,YKC-0268,10,瞑想とプラーナーヤーマ（呼吸法）,10.1,プラーナーヤーマ（呼吸法）への導入,シッダーサナ（siddhāsana 達人座）,10.5ヨガ本第10章 瞑想とプラーナーヤーマ_チェック済.docx,checked,,
YK-0292,YKC-0269,10,瞑想とプラーナーヤーマ（呼吸法）,10.1,プラーナーヤーマ（呼吸法）への導入,シータリー・プラーナーヤーマ（śītalī-prāṇāyāma）,10.5ヨガ本第10章 瞑想とプラーナーヤーマ_チェック済.docx,checked,,practice_candidate_only; safety/adaptation review required before ai_teacher_practice
YK-0293,YKC-0270,10,瞑想とプラーナーヤーマ（呼吸法）,10.1,プラーナーヤーマ（呼吸法）への導入,シートカーリー・プラーナーヤーマ（śītkarī-prāṇāyāma）,10.5ヨガ本第10章 瞑想とプラーナーヤーマ_チェック済.docx,checked,,practice_candidate_only; safety/adaptation review required before ai_teacher_practice
YK-0298,YKC-0271,10,瞑想とプラーナーヤーマ（呼吸法）,10.1,プラーナーヤーマ（呼吸法）への導入,スーリヤ・ベーダナ・プラーナーヤーマ（sūrya-bhedana-prāṇāyāma）,10.5ヨガ本第10章 瞑想とプラーナーヤーマ_チェック済.docx,checked,,practice_candidate_only; safety/adaptation review required before ai_teacher_practice
YK-0301,YKC-0272,10,瞑想とプラーナーヤーマ（呼吸法）,10.1,プラーナーヤーマ（呼吸法）への導入,バストリカー・プラーナーヤーマ（bhastrikā-prāṇāyāma フイゴ呼吸）,10.5ヨガ本第10章 瞑想とプラーナーヤーマ_チェック済.docx,checked,,practice_candidate_only; safety/adaptation review required before ai_teacher_practice
YK-0303,YKC-0273,10,瞑想とプラーナーヤーマ（呼吸法）,10.1,プラーナーヤーマ（呼吸法）への導入,ブラーマリー・プラーナーヤーマ（bhrāmarī-prāṇāyāma 蜂の羽音の呼吸法）,10.5ヨガ本第10章 瞑想とプラーナーヤーマ_チェック済.docx,checked,,practice_candidate_only; safety/adaptation review required before ai_teacher_practice
YK-0305,YKC-0274,10,瞑想とプラーナーヤーマ（呼吸法）,10.1,プラーナーヤーマ（呼吸法）への導入,プラーナーヤーマのための座法（ポーズ）,10.5ヨガ本第10章 瞑想とプラーナーヤーマ_チェック済.docx,checked,,practice_candidate_only; safety/adaptation review required before ai_teacher_practice
YK-0306,YKC-0275,10,瞑想とプラーナーヤーマ（呼吸法）,10.1,プラーナーヤーマ（呼吸法）への導入,プラーナーヤーマ（呼吸法）への導入,10.5ヨガ本第10章 瞑想とプラーナーヤーマ_チェック済.docx,checked,,practice_candidate_only; safety/adaptation review required before ai_teacher_practice
YK-0313,YKC-0276,10,瞑想とプラーナーヤーマ（呼吸法）,10.1,プラーナーヤーマ（呼吸法）への導入,完全なヨガ呼吸－理解と実演能力,10.5ヨガ本第10章 瞑想とプラーナーヤーマ_チェック済.docx,checked,,practice_candidate_only; safety/adaptation review required before ai_teacher_practice
YK-0314,YKC-0277,10,瞑想とプラーナーヤーマ（呼吸法）,10.1,プラーナーヤーマ（呼吸法）への導入,段階的な横隔膜呼吸（腹式呼吸）の案内,10.5ヨガ本第10章 瞑想とプラーナーヤーマ_チェック済.docx,checked,,practice_candidate_only; safety/adaptation review required before ai_teacher_practice
YK-0317,YKC-0278,10,瞑想とプラーナーヤーマ（呼吸法）,10.1,プラーナーヤーマ（呼吸法）への導入,胸郭または胸式呼吸,10.5ヨガ本第10章 瞑想とプラーナーヤーマ_チェック済.docx,checked,,practice_candidate_only; safety/adaptation review required before ai_teacher_practice
YK-0318,YKC-0279,10,瞑想とプラーナーヤーマ（呼吸法）,10.1,プラーナーヤーマ（呼吸法）への導入,腹式呼吸,10.5ヨガ本第10章 瞑想とプラーナーヤーマ_チェック済.docx,checked,,practice_candidate_only; safety/adaptation review required before ai_teacher_practice
YK-0319,YKC-0280,10,瞑想とプラーナーヤーマ（呼吸法）,10.1,プラーナーヤーマ（呼吸法）への導入,鎖骨呼吸,10.5ヨガ本第10章 瞑想とプラーナーヤーマ_チェック済.docx,checked,,source subsection identified from '鎖骨呼吸の実践ステップ'; safety/adaptation review required before ai_teacher_practice
YK-0316,YKC-0281,10,瞑想とプラーナーヤーマ（呼吸法）,10.2,瞑想の概念,瞑想の概念,10.5ヨガ本第10章 瞑想とプラーナーヤーマ_チェック済.docx,checked,,practice_candidate_only; safety/adaptation review required before ai_teacher_practice
YK-0316,YKC-0281,10,瞑想とプラーナーヤーマ（呼吸法）,10.2,瞑想の概念（3）,瞑想の概念（3）,10.5ヨガ本第10章 瞑想とプラーナーヤーマ_チェック済.docx,checked,,practice_candidate_only; safety/adaptation review required before ai_teacher_practice
YK-0284,YKC-0282,10,瞑想とプラーナーヤーマ（呼吸法）,10.3,瞑想の実践的テクニック,アシュヴィニー・ムドラー（aśvinī-mudrā）,10.5ヨガ本第10章 瞑想とプラーナーヤーマ_チェック済.docx,checked,,practice_candidate_only; safety/adaptation review required before ai_teacher_practice
YK-0288,YKC-0283,10,瞑想とプラーナーヤーマ（呼吸法）,10.3,瞑想の実践的テクニック,ガーヤトリー・マントラ（gāyatrī-mantra）,10.5ヨガ本第10章 瞑想とプラーナーヤーマ_チェック済.docx,checked,,
YK-0289,YKC-0284,10,瞑想とプラーナーヤーマ（呼吸法）,10.3,瞑想の実践的テクニック,ケーチャリー・ムドラー（kecarī-mudrā）,10.5ヨガ本第10章 瞑想とプラーナーヤーマ_チェック済.docx,checked,,practice_candidate_only; safety/adaptation review required before ai_teacher_practice
YK-0291,YKC-0285,10,瞑想とプラーナーヤーマ（呼吸法）,10.3,瞑想の実践的テクニック,シャンティ・マントラ（śāntī-mantra）,10.5ヨガ本第10章 瞑想とプラーナーヤーマ_チェック済.docx,checked,,
YK-0294,YKC-0286,10,瞑想とプラーナーヤーマ（呼吸法）,10.3,瞑想の実践的テクニック,ジャパ,10.5ヨガ本第10章 瞑想とプラーナーヤーマ_チェック済.docx,checked,,
YK-0295,YKC-0287,10,瞑想とプラーナーヤーマ（呼吸法）,10.3,瞑想の実践的テクニック,ジュニャーナ（jñāna）またはギャーナ・ムドラー（gyāna-mudrā）,10.5ヨガ本第10章 瞑想とプラーナーヤーマ_チェック済.docx,checked,,practice_candidate_only; safety/adaptation review required before ai_teacher_practice
YK-0299,YKC-0288,10,瞑想とプラーナーヤーマ（呼吸法）,10.3,瞑想の実践的テクニック,ダーラナとディヤーナの間の相違,10.5ヨガ本第10章 瞑想とプラーナーヤーマ_チェック済.docx,checked,,
YK-0304,YKC-0289,10,瞑想とプラーナーヤーマ（呼吸法）,10.3,瞑想の実践的テクニック,プラーナ・ムドラー（prāṅa-mudrā）,10.5ヨガ本第10章 瞑想とプラーナーヤーマ_チェック済.docx,checked,,practice_candidate_only; safety/adaptation review required before ai_teacher_practice
YK-0307,YKC-0290,10,瞑想とプラーナーヤーマ（呼吸法）,10.3,瞑想の実践的テクニック,マインドフルネス瞑想,10.5ヨガ本第10章 瞑想とプラーナーヤーマ_チェック済.docx,checked,,practice_candidate_only; safety/adaptation review required before ai_teacher_practice
YK-0308,YKC-0291,10,瞑想とプラーナーヤーマ（呼吸法）,10.3,瞑想の実践的テクニック,マントラ,10.5ヨガ本第10章 瞑想とプラーナーヤーマ_チェック済.docx,checked,,
YK-0309,YKC-0292,10,瞑想とプラーナーヤーマ（呼吸法）,10.3,瞑想の実践的テクニック,マントラ・チャクラ（mantra-cakra 真言輪筒）,10.5ヨガ本第10章 瞑想とプラーナーヤーマ_チェック済.docx,checked,,
YK-0310,YKC-0293,10,瞑想とプラーナーヤーマ（呼吸法）,10.3,瞑想の実践的テクニック,ムドラーを実践する時間,10.5ヨガ本第10章 瞑想とプラーナーヤーマ_チェック済.docx,checked,,practice_candidate_only; safety/adaptation review required before ai_teacher_practice
YK-0312,YKC-0294,10,瞑想とプラーナーヤーマ（呼吸法）,10.3,瞑想の実践的テクニック,初心者の簡単な瞑想技法,10.5ヨガ本第10章 瞑想とプラーナーヤーマ_チェック済.docx,checked,,practice_candidate_only; safety/adaptation review required before ai_teacher_practice
YK-0315,YKC-0295,10,瞑想とプラーナーヤーマ（呼吸法）,10.3,瞑想実践的テクニック,瞑想実践的テクニック,10.5ヨガ本第10章 瞑想とプラーナーヤーマ_チェック済.docx,checked,,practice_candidate_only; safety/adaptation review required before ai_teacher_practice
YK-0315,YKC-0295,10,瞑想とプラーナーヤーマ（呼吸法）,10.3,瞑想の実践的テクニック,瞑想の実践的テクニック,10.5ヨガ本第10章 瞑想とプラーナーヤーマ_チェック済.docx,checked,,practice_candidate_only; safety/adaptation review required before ai_teacher_practice
YK-0320,YKC-0296,10,瞑想とプラーナーヤーマ（呼吸法）,10.3,瞑想の実践的テクニック,集中瞑想,10.5ヨガ本第10章 瞑想とプラーナーヤーマ_チェック済.docx,checked,,practice_candidate_only; safety/adaptation review required before ai_teacher_practice
YK-0321,YKC-0297,11,教えることの実践,11.1,ヨガを教える,クラスに十分な時間の余裕をもち出発すること,10.5ヨガ本第11章教えることの実践＿チェック済最終.docx,final,,
YK-0322,YKC-0298,11,教えることの実践,11.1,ヨガを教える,クラス環境の重要点,10.5ヨガ本第11章教えることの実践＿チェック済最終.docx,final,,
YK-0324,YKC-0299,11,教えることの実践,11.1,ヨガを教える,ヨガを教える,10.5ヨガ本第11章教えることの実践＿チェック済最終.docx,final,,
YK-0325,YKC-0300,11,教えることの実践,11.1,ヨガを教える,存在感,10.5ヨガ本第11章教えることの実践＿チェック済最終.docx,final,,
YK-0330,YKC-0301,11,教えることの実践,11.1,ヨガを教える,様々な生徒に対応すること,10.5ヨガ本第11章教えることの実践＿チェック済最終.docx,final,,
YK-0331,YKC-0302,11,教えることの実践,11.1,ヨガを教える,沈黙か瞑想でクラスを始めること,10.5ヨガ本第11章教えることの実践＿チェック済最終.docx,final,,
YK-0332,YKC-0303,11,教えることの実践,11.1,ヨガを教える,生徒に感謝を表現すること,10.5ヨガ本第11章教えることの実践＿チェック済最終.docx,final,,
YK-0327,YKC-0304,11,教えることの実践,11.2,生徒を教育するための原則とスキル,志望者教育のために必要とされる技能,10.5ヨガ本第11章教えることの実践＿チェック済最終.docx,final,,
YK-0328,YKC-0305,11,教えることの実践,11.2,生徒を教育するための原則とスキル,指導方法,10.5ヨガ本第11章教えることの実践＿チェック済最終.docx,final,,
YK-0329,YKC-0306,11,教えることの実践,11.2,生徒を教育するための原則とスキル,教育原理,10.5ヨガ本第11章教えることの実践＿チェック済最終.docx,final,,
YK-0333,YKC-0307,11,教えることの実践,11.2,生徒を教育するための原則とスキル,生徒を教育するための原則とスキル,10.5ヨガ本第11章教えることの実践＿チェック済最終.docx,final,,
YK-0334,YKC-0308,11,教えることの実践,11.2,生徒を教育するための原則とスキル,直接実践教授法（Direct-Practice Method）,10.5ヨガ本第11章教えることの実践＿チェック済最終.docx,final,,
YK-0323,YKC-0309,11,教えることの実践,11.3,グループでヨガを教える,グループでヨガを教える,10.5ヨガ本第11章教えることの実践＿チェック済最終.docx,final,,
YK-0326,YKC-0310,11,教えることの実践,11.3,グループでヨガを教える,実演（Demonstration）：指導方法としてヨガの実践を示す行為,10.5ヨガ本第11章教えることの実践＿チェック済最終.docx,final,,
YK-0335,YKC-0311,11,教えることの実践,11.3,グループでヨガを教える,質疑応答セッション,10.5ヨガ本第11章教えることの実践＿チェック済最終.docx,final,,
YK-0302,YKC-0312,10,瞑想とプラーナーヤーマ（呼吸法）,10.1,プラーナーヤーマ（呼吸法）への導入,パドマーサナ（padmāsana 蓮華座）,10.5ヨガ本第10章 瞑想とプラーナーヤーマ_チェック済.docx,checked,,K2.6 explicit source-supported practice extraction
YK-0286,YKC-0313,10,瞑想とプラーナーヤーマ（呼吸法）,10.1,プラーナーヤーマ（呼吸法）への導入,アルダ・パドマーサナ（ardha-padmāsana 半分の蓮華座）,10.5ヨガ本第10章 瞑想とプラーナーヤーマ_チェック済.docx,checked,,K2.6 explicit source-supported practice extraction
YK-0297,YKC-0314,10,瞑想とプラーナーヤーマ（呼吸法）,10.1,プラーナーヤーマ（呼吸法）への導入,スヴァスティカーサナ（svastikāsana 吉祥座）,10.5ヨガ本第10章 瞑想とプラーナーヤーマ_チェック済.docx,checked,,K2.6 explicit source-supported practice extraction
YK-0296,YKC-0315,10,瞑想とプラーナーヤーマ（呼吸法）,10.1,プラーナーヤーマ（呼吸法）への導入,スカーサナ（skhāsana 安楽座）,10.5ヨガ本第10章 瞑想とプラーナーヤーマ_チェック済.docx,checked,,K2.6 explicit source-supported practice extraction
YK-0311,YKC-0316,10,瞑想とプラーナーヤーマ（呼吸法）,10.1,プラーナーヤーマ（呼吸法）への導入,ヴァジラーサナ（vajrāsana 金剛座、正座）,10.5ヨガ本第10章 瞑想とプラーナーヤーマ_チェック済.docx,checked,,K2.6 explicit source-supported practice extraction
YK-0285,YKC-0317,10,瞑想とプラーナーヤーマ（呼吸法）,10.1,プラーナーヤーマ（呼吸法）への導入,アヌローマ・ヴィローマ／ナーディー・ショーダナ,10.5ヨガ本第10章 瞑想とプラーナーヤーマ_チェック済.docx,checked,,K2.6 explicit source-supported practice extraction
YK-0300,YKC-0318,10,瞑想とプラーナーヤーマ（呼吸法）,10.1,プラーナーヤーマ（呼吸法）への導入,チャンドラ・ベーダナ・プラーナーヤーマ,10.5ヨガ本第10章 瞑想とプラーナーヤーマ_チェック済.docx,checked,,K2.6 explicit source-supported practice extraction
YK-0274,YKC-0319,9,スーリヤ・ナマスカーラとアーサナ,9.3,アーサナ,マツヤーサナ（matsyāsana 魚のポーズ）,10.5ヨガ本第9章スーリャナマスカーラとアーサナ直し中20171017 (修復済み).docx,review_required,,K2.6 explicit named-asana extraction from section 9.3
YK-0270,YKC-0320,9,スーリヤ・ナマスカーラとアーサナ,9.3,アーサナ,パスチモッタナーサナ（paścimottānāsana 座位前屈ポーズ）,10.5ヨガ本第9章スーリャナマスカーラとアーサナ直し中20171017 (修復済み).docx,review_required,,K2.6 explicit named-asana extraction from section 9.3
YK-0267,YKC-0321,9,スーリヤ・ナマスカーラとアーサナ,9.3,アーサナ,トリコーナーサナ（trikoṇāsana 三角形のポーズ）,10.5ヨガ本第9章スーリャナマスカーラとアーサナ直し中20171017 (修復済み).docx,review_required,,K2.6 explicit named-asana extraction from section 9.3
YK-0273,YKC-0322,9,スーリヤ・ナマスカーラとアーサナ,9.3,アーサナ,ブジャンガーサナ（bhujaṅgāsana コブラのポーズ）,10.5ヨガ本第9章スーリャナマスカーラとアーサナ直し中20171017 (修復済み).docx,review_required,,K2.6 explicit named-asana extraction from section 9.3
YK-0259,YKC-0323,9,スーリヤ・ナマスカーラとアーサナ,9.3,アーサナ,シャラバーサナ（śalabhāsana バッタのポーズ）,10.5ヨガ本第9章スーリャナマスカーラとアーサナ直し中20171017 (修復済み).docx,review_required,,K2.6 explicit named-asana extraction from section 9.3
YK-0265,YKC-0324,9,スーリヤ・ナマスカーラとアーサナ,9.3,アーサナ,ダヌラーサナ（dhnurāsana 弓のポーズ）,10.5ヨガ本第9章スーリャナマスカーラとアーサナ直し中20171017 (修復済み).docx,review_required,,K2.6 explicit named-asana extraction from section 9.3
YK-0252,YKC-0325,9,スーリヤ・ナマスカーラとアーサナ,9.3,アーサナ,アルダ・マッツェンドラーサナ（ardha-matsyendrāsana 半分のアルダ・マッツェンドラのポーズ、半分の背骨をねじるポーズ）,10.5ヨガ本第9章スーリャナマスカーラとアーサナ直し中20171017 (修復済み).docx,review_required,,K2.6 explicit named-asana extraction from section 9.3
YK-0272,YKC-0326,9,スーリヤ・ナマスカーラとアーサナ,9.3,アーサナ,パーダハスターサナ（pādahastāsana 立ちながら前方に曲げる）,10.5ヨガ本第9章スーリャナマスカーラとアーサナ直し中20171017 (修復済み).docx,review_required,,K2.6 explicit named-asana extraction from section 9.3
YK-0257,YKC-0327,9,スーリヤ・ナマスカーラとアーサナ,9.3,アーサナ,クールマーサナ（kūrmāsana 亀のポーズ）,10.5ヨガ本第9章スーリャナマスカーラとアーサナ直し中20171017 (修復済み).docx,review_required,,K2.6 explicit named-asana extraction from section 9.3
YK-0269,YKC-0328,9,スーリヤ・ナマスカーラとアーサナ,9.3,アーサナ,バッダ・パドマーサナ（baddha-padmāsana 固定の蓮華座）,10.5ヨガ本第9章スーリャナマスカーラとアーサナ直し中20171017 (修復済み).docx,review_required,,K2.6 explicit named-asana extraction from section 9.3
YK-0260,YKC-0329,9,スーリヤ・ナマスカーラとアーサナ,9.3,アーサナ,シャヴァーサナ（śavāsana 屍のポーズ）,10.5ヨガ本第9章スーリャナマスカーラとアーサナ直し中20171017 (修復済み).docx,review_required,,K2.6 explicit named-asana extraction from section 9.3
YK-0261,YKC-0330,9,スーリヤ・ナマスカーラとアーサナ,9.3,アーサナ,シールシャーサナ（śīrṣāsana 頭立ち）,10.5ヨガ本第9章スーリャナマスカーラとアーサナ直し中20171017 (修復済み).docx,review_required,,K2.6 explicit named-asana extraction from section 9.3
YK-0258,YKC-0331,9,スーリヤ・ナマスカーラとアーサナ,9.3,アーサナ,サルヴァーンガーサナ（sarvāṅgāsana 全身のポーズ、肩立ち）,10.5ヨガ本第9章スーリャナマスカーラとアーサナ直し中20171017 (修復済み).docx,review_required,,K2.6 explicit named-asana extraction from section 9.3
YK-0268,YKC-0332,9,スーリヤ・ナマスカーラとアーサナ,9.3,アーサナ,ハラーサナ（halāsana 鋤のポーズ）,10.5ヨガ本第9章スーリャナマスカーラとアーサナ直し中20171017 (修復済み).docx,review_required,,K2.6 explicit named-asana extraction from section 9.3
YK-0266,YKC-0333,9,スーリヤ・ナマスカーラとアーサナ,9.3,アーサナ,チャクラーサナ（cakrāsana 車輪のポーズ）,10.5ヨガ本第9章スーリャナマスカーラとアーサナ直し中20171017 (修復済み).docx,review_required,,K2.6 explicit named-asana extraction from section 9.3
YK-0255,YKC-0334,9,スーリヤ・ナマスカーラとアーサナ,9.3,アーサナ,カカーサナ（kakāsana カラスのポーズ）,10.5ヨガ本第9章スーリャナマスカーラとアーサナ直し中20171017 (修復済み).docx,review_required,,K2.6 explicit named-asana extraction from section 9.3
YK-0275,YKC-0335,9,スーリヤ・ナマスカーラとアーサナ,9.3,アーサナ,マユラーサナ（mayurāsana 孔雀のポーズ）,10.5ヨガ本第9章スーリャナマスカーラとアーサナ直し中20171017 (修復済み).docx,review_required,,K2.6 explicit named-asana extraction from section 9.3
YK-0264,YKC-0336,9,スーリヤ・ナマスカーラとアーサナ,9.3,アーサナ,タダーサナ（tāḍāsana）,10.5ヨガ本第9章スーリャナマスカーラとアーサナ直し中20171017 (修復済み).docx,review_required,,K2.6 explicit named-asana extraction from section 9.3
YK-0254,YKC-0337,9,スーリヤ・ナマスカーラとアーサナ,9.3,アーサナ,ウトゥカターサナ、またはウッカターサナ（utkaṭāsana 椅子のポーズ）,10.5ヨガ本第9章スーリャナマスカーラとアーサナ直し中20171017 (修復済み).docx,review_required,,K2.6 explicit named-asana extraction from section 9.3
YK-0253,YKC-0338,9,スーリヤ・ナマスカーラとアーサナ,9.3,アーサナ,ウシュトラーサナ（uṣṭrāsana ラクダのポーズ）,10.5ヨガ本第9章スーリャナマスカーラとアーサナ直し中20171017 (修復済み).docx,review_required,,K2.6 explicit named-asana extraction from section 9.3
YK-0271,YKC-0339,9,スーリヤ・ナマスカーラとアーサナ,9.3,アーサナ,パヴァナムクターサナ（pavana-muktāsana ガス抜きのポーズ）,10.5ヨガ本第9章スーリャナマスカーラとアーサナ直し中20171017 (修復済み).docx,review_required,,K2.6 explicit named-asana extraction from section 9.3
YK-0277,YKC-0340,9,スーリヤ・ナマスカーラとアーサナ,9.3,アーサナ,ヴルクシャーサナ（vṛkṣāsana 木のポーズ）,10.5ヨガ本第9章スーリャナマスカーラとアーサナ直し中20171017 (修復済み).docx,review_required,,K2.6 explicit named-asana extraction from section 9.3
